ISO-10303-21;
HEADER;
FILE_DESCRIPTION (( 'STEP AP214' ),
    '1' );
FILE_NAME ('ten50wi.STEP',
    '2017-09-21T06:52:49',
    ( '' ),
    ( '' ),
    'SwSTEP 2.0',
    'SolidWorks 2013',
    '' );
FILE_SCHEMA (( 'AUTOMOTIVE_DESIGN' ));
ENDSEC;

DATA;
#1 = LINE ( 'NONE', #509, #1109 ) ;
#2 = CARTESIAN_POINT ( 'NONE',  ( -0.9999999999999997800, 9.999999999999998200, 2.238626658301932900E-016 ) ) ;
#3 = EDGE_CURVE ( 'NONE', #791, #532, #462, .T. ) ;
#4 = ORIENTED_EDGE ( 'NONE', *, *, #844, .T. ) ;
#5 = CIRCLE ( 'NONE', #1304, 0.4999999999999987200 ) ;
#6 = ORIENTED_EDGE ( 'NONE', *, *, #10, .F. ) ;
#7 = DIRECTION ( 'NONE',  ( 0.0000000000000000000, -0.0000000000000000000, 1.000000000000000000 ) ) ;
#8 = DIRECTION ( 'NONE',  ( 0.0000000000000000000, -1.000000000000000000, 0.0000000000000000000 ) ) ;
#9 = ORIENTED_EDGE ( 'NONE', *, *, #34, .F. ) ;
#10 = EDGE_CURVE ( 'NONE', #529, #444, #383, .T. ) ;
#11 = VECTOR ( 'NONE', #922, 1000.000000000000000 ) ;
#12 = VECTOR ( 'NONE', #1013, 1000.000000000000000 ) ;
#13 = CARTESIAN_POINT ( 'NONE',  ( -2.540000000000000000, -5.500000000000000000, -22.85999999999999200 ) ) ;
#14 = DIRECTION ( 'NONE',  ( 0.0000000000000000000, 0.0000000000000000000, 1.000000000000000000 ) ) ;
#15 = FACE_OUTER_BOUND ( 'NONE', #41, .T. ) ;
#16 = VECTOR ( 'NONE', #431, 1000.000000000000000 ) ;
#17 = LINE ( 'NONE', #1396, #284 ) ;
#18 = EDGE_LOOP ( 'NONE', ( #1127, #178, #1019, #1033 ) ) ;
#19 = DIRECTION ( 'NONE',  ( 0.0000000000000000000, 1.000000000000000000, 0.0000000000000000000 ) ) ;
#20 = AXIS2_PLACEMENT_3D ( 'NONE', #1487, #1379, #1366 ) ;
#21 = AXIS2_PLACEMENT_3D ( 'NONE', #1073, #354, #1191 ) ;
#22 = ORIENTED_EDGE ( 'NONE', *, *, #1095, .F. ) ;
#23 = ORIENTED_EDGE ( 'NONE', *, *, #1495, .F. ) ;
#24 = ADVANCED_FACE ( 'NONE', ( #367 ), #1512, .T. ) ;
#25 = CARTESIAN_POINT ( 'NONE',  ( -41.39999999999999900, 0.5000000000000000000, -23.99999999999999300 ) ) ;
#26 = CYLINDRICAL_SURFACE ( 'NONE', #1123, 1.000000000000000000 ) ;
#27 = CARTESIAN_POINT ( 'NONE',  ( -50.38578643762690500, 10.99999999999999500, -0.4142135623730915400 ) ) ;
#28 = EDGE_CURVE ( 'NONE', #1266, #1136, #308, .T. ) ;
#29 = DIRECTION ( 'NONE',  ( -0.0000000000000000000, -1.000000000000000000, -0.0000000000000000000 ) ) ;
#30 = CARTESIAN_POINT ( 'NONE',  ( 0.0000000000000000000, 0.0000000000000000000, 6.098637220230962400E-015 ) ) ;
#31 = VECTOR ( 'NONE', #1003, 1000.000000000000000 ) ;
#32 = LINE ( 'NONE', #1272, #16 ) ;
#33 = PLANE ( 'NONE',  #1237 ) ;
#34 = EDGE_CURVE ( 'NONE', #967, #1370, #420, .T. ) ;
#35 = DIRECTION ( 'NONE',  ( 1.000000000000000000, -0.0000000000000000000, 0.0000000000000000000 ) ) ;
#36 = UNCERTAINTY_MEASURE_WITH_UNIT (LENGTH_MEASURE( 1.000000000000000100E-005 ), #1323, 'distance_accuracy_value', 'NONE');
#37 = VERTEX_POINT ( 'NONE', #1048 ) ;
#38 = DIRECTION ( 'NONE',  ( 0.0000000000000000000, 1.000000000000000000, 0.0000000000000000000 ) ) ;
#39 = ADVANCED_FACE ( 'NONE', ( #269 ), #913, .F. ) ;
#40 = PLANE ( 'NONE',  #274 ) ;
#41 = EDGE_LOOP ( 'NONE', ( #1477, #1516, #752, #1017 ) ) ;
#42 = AXIS2_PLACEMENT_3D ( 'NONE', #1390, #662, #1511 ) ;
#43 = AXIS2_PLACEMENT_3D ( 'NONE', #754, #29, #871 ) ;
#44 = FACE_OUTER_BOUND ( 'NONE', #756, .T. ) ;
#45 = CARTESIAN_POINT ( 'NONE',  ( -41.39999999999999900, 0.0000000000000000000, -23.99999999999999300 ) ) ;
#46 = LINE ( 'NONE', #1125, #377 ) ;
#47 = DIRECTION ( 'NONE',  ( 0.0000000000000000000, -0.0000000000000000000, 1.000000000000000000 ) ) ;
#48 = CIRCLE ( 'NONE', #154, 1.000000000000000900 ) ;
#49 = ADVANCED_FACE ( 'NONE', ( #480 ), #1403, .F. ) ;
#50 = DIRECTION ( 'NONE',  ( 1.000000000000000000, -0.0000000000000000000, -1.224646799147353200E-016 ) ) ;
#51 = EDGE_CURVE ( 'NONE', #847, #950, #216, .T. ) ;
#52 = DIRECTION ( 'NONE',  ( 0.0000000000000000000, 1.000000000000000000, 0.0000000000000000000 ) ) ;
#53 = CIRCLE ( 'NONE', #1058, 1.000000000000000000 ) ;
#54 = LINE ( 'NONE', #541, #93 ) ;
#55 = CIRCLE ( 'NONE', #42, 1.000000000000000900 ) ;
#56 = FACE_OUTER_BOUND ( 'NONE', #851, .T. ) ;
#57 = DIRECTION ( 'NONE',  ( -1.000000000000000000, 0.0000000000000000000, 0.0000000000000000000 ) ) ;
#58 = ORIENTED_EDGE ( 'NONE', *, *, #449, .F. ) ;
#59 = DIRECTION ( 'NONE',  ( 0.0000000000000000000, -0.0000000000000000000, -1.000000000000000000 ) ) ;
#60 = ORIENTED_EDGE ( 'NONE', *, *, #997, .F. ) ;
#61 = EDGE_CURVE ( 'NONE', #1333, #120, #258, .T. ) ;
#62 = ORIENTED_EDGE ( 'NONE', *, *, #789, .F. ) ;
#63 = ORIENTED_EDGE ( 'NONE', *, *, #1200, .F. ) ;
#64 = FACE_OUTER_BOUND ( 'NONE', #1000, .T. ) ;
#65 = CARTESIAN_POINT ( 'NONE',  ( -0.4142135623730949800, 11.00000000000000000, -0.4142135623730925900 ) ) ;
#66 = CARTESIAN_POINT ( 'NONE',  ( -9.400000000000002100, 0.5000000000000000000, -1.399999999999998600 ) ) ;
#67 = CIRCLE ( 'NONE', #858, 0.5000000000000004400 ) ;
#68 = CARTESIAN_POINT ( 'NONE',  ( -0.9999999999999997800, 11.00000000000000000, 1.224646799147353000E-016 ) ) ;
#69 = VECTOR ( 'NONE', #1257, 1000.000000000000000 ) ;
#70 = PRESENTATION_LAYER_ASSIGNMENT (  '', '', ( #1561 ) ) ;
#71 = AXIS2_PLACEMENT_3D ( 'NONE', #827, #947, #231 ) ;
#72 = FACE_OUTER_BOUND ( 'NONE', #313, .T. ) ;
#73 = CYLINDRICAL_SURFACE ( 'NONE', #206, 0.4999999999999991700 ) ;
#74 = CARTESIAN_POINT ( 'NONE',  ( -49.79999999999999700, 11.00000000000000000, -24.39999999999999100 ) ) ;
#75 = CARTESIAN_POINT ( 'NONE',  ( -50.79999999999999700, 0.0000000000000000000, -0.9999999999999940000 ) ) ;
#76 = VERTEX_POINT ( 'NONE', #315 ) ;
#77 = DIRECTION ( 'NONE',  ( -1.000000000000000000, -0.0000000000000000000, 0.0000000000000000000 ) ) ;
#78 = ORIENTED_EDGE ( 'NONE', *, *, #365, .T. ) ;
#79 = DIRECTION ( 'NONE',  ( 0.0000000000000000000, 1.000000000000000000, 0.0000000000000000000 ) ) ;
#80 = CARTESIAN_POINT ( 'NONE',  ( 0.0000000000000000000, 0.0000000000000000000, -23.99999999999999600 ) ) ;
#81 = VERTEX_POINT ( 'NONE', #682 ) ;
#82 = EDGE_CURVE ( 'NONE', #777, #1364, #133, .T. ) ;
#83 = VECTOR ( 'NONE', #1548, 1000.000000000000000 ) ;
#84 = CYLINDRICAL_SURFACE ( 'NONE', #467, 1.000000000000000900 ) ;
#85 = CARTESIAN_POINT ( 'NONE',  ( -3.332854552270401300E-015, 9.999999999999998200, -24.39999999999999900 ) ) ;
#86 = CARTESIAN_POINT ( 'NONE',  ( -41.39999999999999900, 0.5000000000000000000, -23.99999999999999300 ) ) ;
#87 = VECTOR ( 'NONE', #98, 1000.000000000000000 ) ;
#88 = EDGE_CURVE ( 'NONE', #1354, #1450, #171, .T. ) ;
#89 = DIRECTION ( 'NONE',  ( -0.0000000000000000000, 1.000000000000000000, -0.0000000000000000000 ) ) ;
#90 = CARTESIAN_POINT ( 'NONE',  ( -49.79999999999999700, 11.00000000000000000, -0.9999999999999940000 ) ) ;
#91 = DIRECTION ( 'NONE',  ( -0.0000000000000000000, -1.000000000000000000, -0.0000000000000000000 ) ) ;
#92 = CARTESIAN_POINT ( 'NONE',  ( -49.79999999999999000, 10.58578643762690400, -25.39999999999999100 ) ) ;
#93 = VECTOR ( 'NONE', #184, 1000.000000000000000 ) ;
#94 = LINE ( 'NONE', #419, #95 ) ;
#95 = VECTOR ( 'NONE', #1135, 1000.000000000000000 ) ;
#96 = CARTESIAN_POINT ( 'NONE',  ( -2.539999999999787300, -5.500000000000000000, -2.039999999999991200 ) ) ;
#97 = DIRECTION ( 'NONE',  ( -0.0000000000000000000, -0.0000000000000000000, 1.000000000000000000 ) ) ;
#98 = DIRECTION ( 'NONE',  ( -0.0000000000000000000, -0.0000000000000000000, 1.000000000000000000 ) ) ;
#99 = CARTESIAN_POINT ( 'NONE',  ( -50.80000000000001100, 10.58578643762690200, -24.74314575050761200 ) ) ;
#100 = ORIENTED_EDGE ( 'NONE', *, *, #734, .F. ) ;
#101 = ORIENTED_EDGE ( 'NONE', *, *, #1035, .F. ) ;
#102 = VERTEX_POINT ( 'NONE', #74 ) ;
#103 = CARTESIAN_POINT ( 'NONE',  ( -1.000000000000000000, 9.999999999999998200, -25.39999999999999900 ) ) ;
#104 = DIRECTION ( 'NONE',  ( 0.0000000000000000000, -1.000000000000000000, 0.0000000000000000000 ) ) ;
#105 = ORIENTED_EDGE ( 'NONE', *, *, #1474, .F. ) ;
#106 = CARTESIAN_POINT ( 'NONE',  ( -37.79999999999999700, 0.0000000000000000000, 5.608813113746306700E-015 ) ) ;
#107 = AXIS2_PLACEMENT_3D ( 'NONE', #1241, #1260, #1246 ) ;
#108 = CIRCLE ( 'NONE', #21, 0.4999999999999987200 ) ;
#109 = CARTESIAN_POINT ( 'NONE',  ( 0.0000000000000000000, 0.0000000000000000000, -1.399999999999995000 ) ) ;
#110 = APPLICATION_PROTOCOL_DEFINITION ( 'draft international standard', 'automotive_design', 1998, #239 ) ;
#111 = CARTESIAN_POINT ( 'NONE',  ( -9.400000000000002100, 0.0000000000000000000, 0.0000000000000000000 ) ) ;
#112 = FACE_OUTER_BOUND ( 'NONE', #156, .T. ) ;
#113 = PRODUCT_CONTEXT ( 'NONE', #239, 'mechanical' ) ;
#114 = CARTESIAN_POINT ( 'NONE',  ( -1.000000000000000000, 9.999999999999998200, -25.39999999999999900 ) ) ;
#115 = VECTOR ( 'NONE', #166, 1000.000000000000000 ) ;
#116 = EDGE_CURVE ( 'NONE', #1175, #1101, #1381, .T. ) ;
#117 = LINE ( 'NONE', #533, #69 ) ;
#118 = EDGE_LOOP ( 'NONE', ( #1467, #1307, #1146 ) ) ;
#119 = CARTESIAN_POINT ( 'NONE',  ( -2.539999999999787300, -5.500000000000000000, -3.039999999999989400 ) ) ;
#120 = VERTEX_POINT ( 'NONE', #204 ) ;
#121 = CARTESIAN_POINT ( 'NONE',  ( 0.0000000000000000000, 0.0000000000000000000, -24.39999999999999900 ) ) ;
#122 = EDGE_LOOP ( 'NONE', ( #1319, #6, #22, #58 ) ) ;
#123 = EDGE_CURVE ( 'NONE', #792, #1315, #829, .T. ) ;
#124 = CARTESIAN_POINT ( 'NONE',  ( -37.79999999999999700, 0.5000000000000000000, -23.99999999999999600 ) ) ;
#125 = CIRCLE ( 'NONE', #186, 1.000000000000000000 ) ;
#126 = PLANE ( 'NONE',  #724 ) ;
#127 = CIRCLE ( 'NONE', #942, 0.5000000000000004400 ) ;
#128 = FACE_OUTER_BOUND ( 'NONE', #964, .T. ) ;
#129 = AXIS2_PLACEMENT_3D ( 'NONE', #1481, #1356, #142 ) ;
#130 = DIRECTION ( 'NONE',  ( 1.224646799147353200E-016, 0.0000000000000000000, 1.000000000000000000 ) ) ;
#131 = VECTOR ( 'NONE', #295, 1000.000000000000000 ) ;
#132 = CIRCLE ( 'NONE', #1533, 0.4999999999999987200 ) ;
#133 = LINE ( 'NONE', #199, #828 ) ;
#134 = DIRECTION ( 'NONE',  ( 0.0000000000000000000, 0.0000000000000000000, 1.000000000000000000 ) ) ;
#135 = EDGE_CURVE ( 'NONE', #870, #312, #1216, .T. ) ;
#136 = ORIENTED_EDGE ( 'NONE', *, *, #342, .T. ) ;
#137 = ORIENTED_EDGE ( 'NONE', *, *, #1391, .F. ) ;
#138 = EDGE_LOOP ( 'NONE', ( #960, #1532, #1196, #1261 ) ) ;
#139 = FACE_OUTER_BOUND ( 'NONE', #815, .T. ) ;
#140 = VECTOR ( 'NONE', #677, 1000.000000000000000 ) ;
#141 = EDGE_CURVE ( 'NONE', #1154, #977, #810, .T. ) ;
#142 = DIRECTION ( 'NONE',  ( 0.0000000000000000000, 0.0000000000000000000, 1.000000000000000000 ) ) ;
#143 = CARTESIAN_POINT ( 'NONE',  ( -48.25999999999982000, 0.0000000000000000000, -4.579999999999673200 ) ) ;
#144 = LINE ( 'NONE', #1499, #131 ) ;
#145 = VECTOR ( 'NONE', #769, 1000.000000000000000 ) ;
#146 = VECTOR ( 'NONE', #557, 1000.000000000000000 ) ;
#147 = LINE ( 'NONE', #405, #145 ) ;
#148 = CARTESIAN_POINT ( 'NONE',  ( -50.38578643762689100, 9.999999999999994700, 1.734723475976806900E-015 ) ) ;
#149 = ADVANCED_FACE ( 'NONE', ( #737 ), #749, .T. ) ;
#150 = EDGE_LOOP ( 'NONE', ( #62, #137, #155 ) ) ;
#151 = DIRECTION ( 'NONE',  ( 0.0000000000000000000, -1.000000000000000000, 0.0000000000000000000 ) ) ;
#152 = CARTESIAN_POINT ( 'NONE',  ( -41.39999999999999900, 0.5000000000000000000, -23.99999999999999300 ) ) ;
#153 = MECHANICAL_DESIGN_GEOMETRIC_PRESENTATION_REPRESENTATION (  '', ( #1561 ), #248 ) ;
#154 = AXIS2_PLACEMENT_3D ( 'NONE', #240, #1076, #361 ) ;
#155 = ORIENTED_EDGE ( 'NONE', *, *, #898, .F. ) ;
#156 = EDGE_LOOP ( 'NONE', ( #1079, #1177, #1515, #381 ) ) ;
#157 = CARTESIAN_POINT ( 'NONE',  ( -13.00000000000000500, 0.5000000000000000000, -1.399999999999998600 ) ) ;
#158 = ORIENTED_EDGE ( 'NONE', *, *, #232, .F. ) ;
#159 = CIRCLE ( 'NONE', #1106, 1.000000000000000000 ) ;
#160 = VECTOR ( 'NONE', #77, 1000.000000000000000 ) ;
#161 = CARTESIAN_POINT ( 'NONE',  ( -41.39999999999999900, 0.5000000000000003300, -25.39999999999999100 ) ) ;
#162 = FACE_OUTER_BOUND ( 'NONE', #1291, .T. ) ;
#163 = DIRECTION ( 'NONE',  ( -1.000000000000000000, 0.0000000000000000000, 0.0000000000000000000 ) ) ;
#164 = EDGE_CURVE ( 'NONE', #1065, #1266, #1, .T. ) ;
#165 = DIRECTION ( 'NONE',  ( 1.000000000000000000, 0.0000000000000000000, -1.365923996832131900E-016 ) ) ;
#166 = DIRECTION ( 'NONE',  ( -0.0000000000000000000, -0.0000000000000000000, -1.000000000000000000 ) ) ;
#167 = DIRECTION ( 'NONE',  ( 0.0000000000000000000, 1.000000000000000000, 0.0000000000000000000 ) ) ;
#168 = LINE ( 'NONE', #1124, #115 ) ;
#169 = FACE_OUTER_BOUND ( 'NONE', #404, .T. ) ;
#170 = DIRECTION ( 'NONE',  ( 1.365923996832131900E-016, -0.0000000000000000000, 1.000000000000000000 ) ) ;
#171 = CIRCLE ( 'NONE', #1188, 1.000000000000000900 ) ;
#172 = EDGE_CURVE ( 'NONE', #102, #1250, #748, .T. ) ;
#173 = CARTESIAN_POINT ( 'NONE',  ( -48.25999999999986300, 0.0000000000000000000, -10.15999999999967200 ) ) ;
#174 = ORIENTED_EDGE ( 'NONE', *, *, #513, .T. ) ;
#175 = CARTESIAN_POINT ( 'NONE',  ( -2.539999999999893900, -5.500000000000000000, -12.69999999999999000 ) ) ;
#176 = ORIENTED_EDGE ( 'NONE', *, *, #687, .F. ) ;
#177 = AXIS2_PLACEMENT_3D ( 'NONE', #225, #1559, #833 ) ;
#178 = ORIENTED_EDGE ( 'NONE', *, *, #1225, .T. ) ;
#179 = ADVANCED_FACE ( 'NONE', ( #718 ), #40, .F. ) ;
#180 = DIRECTION ( 'NONE',  ( 0.0000000000000000000, 1.000000000000000000, 0.0000000000000000000 ) ) ;
#181 = CARTESIAN_POINT ( 'NONE',  ( -48.25999999999986300, -5.500000000000000000, -10.15999999999967200 ) ) ;
#182 = FACE_OUTER_BOUND ( 'NONE', #846, .T. ) ;
#183 = VECTOR ( 'NONE', #1299, 1000.000000000000000 ) ;
#184 = DIRECTION ( 'NONE',  ( 0.0000000000000000000, 1.000000000000000000, 0.0000000000000000000 ) ) ;
#185 = AXIS2_PLACEMENT_3D ( 'NONE', #1115, #1022, #1016 ) ;
#186 = AXIS2_PLACEMENT_3D ( 'NONE', #1157, #441, #1281 ) ;
#187 = VECTOR ( 'NONE', #1006, 1000.000000000000000 ) ;
#188 = VECTOR ( 'NONE', #401, 1000.000000000000000 ) ;
#189 = CARTESIAN_POINT ( 'NONE',  ( -0.4142135623730949800, 9.999999999999992900, 3.469446951953614200E-015 ) ) ;
#190 = CARTESIAN_POINT ( 'NONE',  ( -2.539999999999893900, -5.500000000000000000, -12.19999999999999200 ) ) ;
#191 = LINE ( 'NONE', #884, #187 ) ;
#192 = CIRCLE ( 'NONE', #1372, 0.5000000000000004400 ) ;
#193 = ORIENTED_EDGE ( 'NONE', *, *, #1418, .T. ) ;
#194 = CARTESIAN_POINT ( 'NONE',  ( -48.25999999999982000, -5.500000000000000000, -5.579999999999670600 ) ) ;
#195 = EDGE_CURVE ( 'NONE', #1210, #1547, #703, .T. ) ;
#196 = ORIENTED_EDGE ( 'NONE', *, *, #1340, .F. ) ;
#197 = DIRECTION ( 'NONE',  ( 1.000000000000000000, -0.0000000000000000000, 0.0000000000000000000 ) ) ;
#198 = ORIENTED_EDGE ( 'NONE', *, *, #1253, .T. ) ;
#199 = CARTESIAN_POINT ( 'NONE',  ( -48.25999999999997000, -5.500000000000000000, -20.81999999999967700 ) ) ;
#200 = LINE ( 'NONE', #203, #160 ) ;
#201 = VECTOR ( 'NONE', #356, 1000.000000000000000 ) ;
#202 = EDGE_CURVE ( 'NONE', #1169, #944, #736, .T. ) ;
#203 = CARTESIAN_POINT ( 'NONE',  ( 0.0000000000000000000, 0.0000000000000000000, -25.39999999999999900 ) ) ;
#204 = CARTESIAN_POINT ( 'NONE',  ( -13.00000000000000400, 0.5000000000000003300, -25.39999999999999500 ) ) ;
#205 = CARTESIAN_POINT ( 'NONE',  ( -3.332854552270401300E-015, 11.00000000000000000, -24.39999999999999900 ) ) ;
#206 = AXIS2_PLACEMENT_3D ( 'NONE', #891, #413, #1380 ) ;
#207 = CIRCLE ( 'NONE', #1207, 0.5000000000000004400 ) ;
#208 = DIRECTION ( 'NONE',  ( -1.365923996832127900E-016, 0.0000000000000000000, -1.000000000000000000 ) ) ;
#209 = VECTOR ( 'NONE', #457, 1000.000000000000000 ) ;
#210 = DIRECTION ( 'NONE',  ( 1.000000000000000000, 0.0000000000000000000, -9.637352644315598700E-016 ) ) ;
#211 = CYLINDRICAL_SURFACE ( 'NONE', #1288, 0.4999999999999991700 ) ;
#212 = CARTESIAN_POINT ( 'NONE',  ( -48.25999999999982000, -5.500000000000000000, -4.579999999999673200 ) ) ;
#213 = CARTESIAN_POINT ( 'NONE',  ( -2.539999999999787300, 0.0000000000000000000, -2.039999999999991200 ) ) ;
#214 = EDGE_LOOP ( 'NONE', ( #527, #743 ) ) ;
#215 = CARTESIAN_POINT ( 'NONE',  ( -48.25999999999997000, 0.0000000000000000000, -19.81999999999967300 ) ) ;
#216 = LINE ( 'NONE', #448, #350 ) ;
#217 = CARTESIAN_POINT ( 'NONE',  ( -13.00000000000000400, 0.5000000000000000000, -23.99999999999999600 ) ) ;
#218 = ORIENTED_EDGE ( 'NONE', *, *, #370, .F. ) ;
#219 = DIRECTION ( 'NONE',  ( 0.0000000000000000000, 1.000000000000000000, 0.0000000000000000000 ) ) ;
#220 = DIRECTION ( 'NONE',  ( 0.0000000000000000000, 1.000000000000000000, 0.0000000000000000000 ) ) ;
#221 = ORIENTED_EDGE ( 'NONE', *, *, #222, .F. ) ;
#222 = EDGE_CURVE ( 'NONE', #1065, #510, #751, .T. ) ;
#223 = LINE ( 'NONE', #653, #12 ) ;
#224 = DIRECTION ( 'NONE',  ( 0.0000000000000000000, 1.000000000000000000, 0.0000000000000000000 ) ) ;
#225 = CARTESIAN_POINT ( 'NONE',  ( 0.0000000000000000000, 0.0000000000000000000, 0.0000000000000000000 ) ) ;
#226 = CARTESIAN_POINT ( 'NONE',  ( -48.25999999999986300, -5.500000000000000000, -9.659999999999671500 ) ) ;
#227 = FACE_OUTER_BOUND ( 'NONE', #1201, .T. ) ;
#228 = CARTESIAN_POINT ( 'NONE',  ( -50.79999999999999700, 9.999999999999998200, -24.39999999999999100 ) ) ;
#229 = DIRECTION ( 'NONE',  ( 0.0000000000000000000, 1.000000000000000000, 0.0000000000000000000 ) ) ;
#230 = CARTESIAN_POINT ( 'NONE',  ( -1.000000000000000000, 10.99999999999999800, -24.98578643762690600 ) ) ;
#231 = DIRECTION ( 'NONE',  ( 1.000000000000000000, 0.0000000000000000000, -0.0000000000000000000 ) ) ;
#232 = EDGE_CURVE ( 'NONE', #624, #371, #685, .T. ) ;
#233 = ADVANCED_FACE ( 'NONE', ( #701 ), #998, .F. ) ;
#234 = CARTESIAN_POINT ( 'NONE',  ( -2.539999999999787300, -5.500000000000000000, -3.039999999999989400 ) ) ;
#235 = LINE ( 'NONE', #1302, #237 ) ;
#236 = LINE ( 'NONE', #212, #209 ) ;
#237 = VECTOR ( 'NONE', #1425, 1000.000000000000000 ) ;
#238 = FACE_OUTER_BOUND ( 'NONE', #1063, .T. ) ;
#239 = APPLICATION_CONTEXT ( 'automotive_design' ) ;
#240 = CARTESIAN_POINT ( 'NONE',  ( -1.000000000000000000, 0.0000000000000000000, -24.39999999999999900 ) ) ;
#241 = VERTEX_POINT ( 'NONE', #876 ) ;
#242 = ORIENTED_EDGE ( 'NONE', *, *, #654, .F. ) ;
#243 = ORIENTED_EDGE ( 'NONE', *, *, #342, .F. ) ;
#244 = CARTESIAN_POINT ( 'NONE',  ( 0.0000000000000000000, 0.5000000000000004400, -25.39999999999999900 ) ) ;
#245 = APPLICATION_PROTOCOL_DEFINITION ( 'draft international standard', 'automotive_design', 1998, #955 ) ;
#246 = DIRECTION ( 'NONE',  ( 0.0000000000000000000, 1.000000000000000000, 0.0000000000000000000 ) ) ;
#247 = VERTEX_POINT ( 'NONE', #538 ) ;
#248 =( GEOMETRIC_REPRESENTATION_CONTEXT ( 3 ) GLOBAL_UNCERTAINTY_ASSIGNED_CONTEXT ( ( #1501 ) ) GLOBAL_UNIT_ASSIGNED_CONTEXT ( ( #493, #482, #375 ) ) REPRESENTATION_CONTEXT ( 'NONE', 'WORKASPACE' ) );
#249 = AXIS2_PLACEMENT_3D ( 'NONE', #1193, #104, #355 ) ;
#250 = VECTOR ( 'NONE', #641, 1000.000000000000000 ) ;
#251 = FACE_BOUND ( 'NONE', #214, .T. ) ;
#252 = DIRECTION ( 'NONE',  ( 0.0000000000000000000, 1.000000000000000000, 0.0000000000000000000 ) ) ;
#253 = DIRECTION ( 'NONE',  ( -1.156482317317870300E-015, 0.0000000000000000000, -1.000000000000000000 ) ) ;
#254 = VECTOR ( 'NONE', #1294, 1000.000000000000000 ) ;
#255 = EDGE_CURVE ( 'NONE', #312, #1024, #678, .T. ) ;
#256 = LINE ( 'NONE', #920, #254 ) ;
#257 = ORIENTED_EDGE ( 'NONE', *, *, #1382, .F. ) ;
#258 = LINE ( 'NONE', #551, #146 ) ;
#259 = VERTEX_POINT ( 'NONE', #428 ) ;
#260 = EDGE_CURVE ( 'NONE', #586, #501, #661, .T. ) ;
#261 = ORIENTED_EDGE ( 'NONE', *, *, #536, .F. ) ;
#262 = CARTESIAN_POINT ( 'NONE',  ( -9.400000000000000400, 0.5000000000000000000, -23.99999999999999600 ) ) ;
#263 = VECTOR ( 'NONE', #402, 1000.000000000000000 ) ;
#264 = ADVANCED_FACE ( 'NONE', ( #660 ), #896, .F. ) ;
#265 = FACE_OUTER_BOUND ( 'NONE', #982, .T. ) ;
#266 = PRODUCT_DEFINITION ( 'UNKNOWN', '', #346, #1176 ) ;
#267 = ADVANCED_FACE ( 'NONE', ( #639 ), #632, .F. ) ;
#268 = LINE ( 'NONE', #124, #188 ) ;
#269 = FACE_OUTER_BOUND ( 'NONE', #18, .T. ) ;
#270 = LINE ( 'NONE', #556, #271 ) ;
#271 = VECTOR ( 'NONE', #690, 1000.000000000000000 ) ;
#272 = ADVANCED_FACE ( 'NONE', ( #638 ), #287, .F. ) ;
#273 = CARTESIAN_POINT ( 'NONE',  ( -48.25999999999982000, 0.0000000000000000000, -5.079999999999671400 ) ) ;
#274 = AXIS2_PLACEMENT_3D ( 'NONE', #515, #1359, #1269 ) ;
#275 = AXIS2_PLACEMENT_3D ( 'NONE', #1316, #1440, #713 ) ;
#276 = ORIENTED_EDGE ( 'NONE', *, *, #1449, .T. ) ;
#277 = CARTESIAN_POINT ( 'NONE',  ( -2.539999999999893900, -5.500000000000000000, -12.69999999999999000 ) ) ;
#278 = DIRECTION ( 'NONE',  ( 1.000000000000000000, 0.0000000000000000000, -0.0000000000000000000 ) ) ;
#279 = ORIENTED_EDGE ( 'NONE', *, *, #841, .F. ) ;
#280 = ORIENTED_EDGE ( 'NONE', *, *, #1332, .F. ) ;
#281 = ADVANCED_FACE ( 'NONE', ( #622 ), #33, .F. ) ;
#282 = FACE_OUTER_BOUND ( 'NONE', #550, .T. ) ;
#283 = CARTESIAN_POINT ( 'NONE',  ( -50.79999999999999700, 10.58578643762690600, -0.6568542494923742500 ) ) ;
#284 = VECTOR ( 'NONE', #552, 1000.000000000000000 ) ;
#285 = EDGE_CURVE ( 'NONE', #624, #1136, #621, .T. ) ;
#286 = PLANE ( 'NONE',  #455 ) ;
#287 = PLANE ( 'NONE',  #1078 ) ;
#288 = FACE_OUTER_BOUND ( 'NONE', #1554, .T. ) ;
#289 = DIRECTION ( 'NONE',  ( -1.000000000000000000, 0.0000000000000000000, 1.224646799147353200E-016 ) ) ;
#290 = EDGE_CURVE ( 'NONE', #738, #1192, #623, .T. ) ;
#291 = VECTOR ( 'NONE', #562, 1000.000000000000000 ) ;
#292 = LINE ( 'NONE', #1037, #291 ) ;
#293 = AXIS2_PLACEMENT_3D ( 'NONE', #628, #151, #991 ) ;
#294 = ORIENTED_EDGE ( 'NONE', *, *, #1457, .T. ) ;
#295 = DIRECTION ( 'NONE',  ( -0.0000000000000000000, -1.000000000000000000, -0.0000000000000000000 ) ) ;
#296 = ORIENTED_EDGE ( 'NONE', *, *, #1520, .T. ) ;
#297 = VECTOR ( 'NONE', #948, 1000.000000000000000 ) ;
#298 = LINE ( 'NONE', #217, #931 ) ;
#299 = DIRECTION ( 'NONE',  ( 0.0000000000000000000, 0.0000000000000000000, 1.000000000000000000 ) ) ;
#300 = CIRCLE ( 'NONE', #1043, 0.5000000000000004400 ) ;
#301 = EDGE_CURVE ( 'NONE', #1154, #1099, #674, .T. ) ;
#302 = AXIS2_PLACEMENT_3D ( 'NONE', #763, #38, #880 ) ;
#303 = CARTESIAN_POINT ( 'NONE',  ( -48.25999999999986300, 0.0000000000000000000, -9.659999999999671500 ) ) ;
#304 = DIRECTION ( 'NONE',  ( 0.0000000000000000000, 0.0000000000000000000, 1.000000000000000000 ) ) ;
#305 = LINE ( 'NONE', #1286, #309 ) ;
#306 = CYLINDRICAL_SURFACE ( 'NONE', #1121, 0.4999999999999987200 ) ;
#307 = DIRECTION ( 'NONE',  ( -1.224646799147353200E-016, 0.0000000000000000000, -1.000000000000000000 ) ) ;
#308 = CIRCLE ( 'NONE', #857, 1.000000000000000900 ) ;
#309 = VECTOR ( 'NONE', #1408, 1000.000000000000000 ) ;
#310 = CARTESIAN_POINT ( 'NONE',  ( 0.0000000000000000000, 11.00000000000000000, 0.0000000000000000000 ) ) ;
#311 = EDGE_CURVE ( 'NONE', #1315, #792, #605, .T. ) ;
#312 = VERTEX_POINT ( 'NONE', #1212 ) ;
#313 = EDGE_LOOP ( 'NONE', ( #218, #243 ) ) ;
#314 = CARTESIAN_POINT ( 'NONE',  ( -1.000000000000000000, 11.00000000000000000, -0.4142135623730937600 ) ) ;
#315 = CARTESIAN_POINT ( 'NONE',  ( -48.25999999999982000, -5.500000000000000000, -5.579999999999670600 ) ) ;
#316 = EDGE_LOOP ( 'NONE', ( #1040, #1067, #1178, #1219 ) ) ;
#317 = ADVANCED_FACE ( 'NONE', ( #585 ), #548, .T. ) ;
#318 = DIRECTION ( 'NONE',  ( 0.0000000000000000000, 0.0000000000000000000, 1.000000000000000000 ) ) ;
#319 = AXIS2_PLACEMENT_3D ( 'NONE', #1263, #540, #1389 ) ;
#320 = AXIS2_PLACEMENT_3D ( 'NONE', #959, #252, #1086 ) ;
#321 = DIRECTION ( 'NONE',  ( -0.0000000000000000000, -1.000000000000000000, -0.0000000000000000000 ) ) ;
#322 = CARTESIAN_POINT ( 'NONE',  ( 0.0000000000000000000, 9.999999999999998200, 0.0000000000000000000 ) ) ;
#323 = CARTESIAN_POINT ( 'NONE',  ( -49.79999999999999700, 9.999999999999998200, -25.39999999999999100 ) ) ;
#324 = VECTOR ( 'NONE', #1160, 1000.000000000000000 ) ;
#325 = LINE ( 'NONE', #322, #324 ) ;
#326 = MANIFOLD_SOLID_BREP ( 'Schnitt-Linear austragen1', #1488 ) ;
#327 = CARTESIAN_POINT ( 'NONE',  ( -2.540000000000000000, -5.500000000000000000, -23.35999999999999200 ) ) ;
#328 = DIRECTION ( 'NONE',  ( 1.000000000000000000, -0.0000000000000000000, 0.0000000000000000000 ) ) ;
#329 = DIRECTION ( 'NONE',  ( 0.0000000000000000000, 0.0000000000000000000, 1.000000000000000000 ) ) ;
#330 = CARTESIAN_POINT ( 'NONE',  ( -37.79999999999999700, 0.0000000000000000000, 0.0000000000000000000 ) ) ;
#331 = DIRECTION ( 'NONE',  ( 1.000000000000000000, 0.0000000000000000000, -1.365923996832131900E-016 ) ) ;
#332 = EDGE_CURVE ( 'NONE', #889, #711, #565, .T. ) ;
#333 = FACE_OUTER_BOUND ( 'NONE', #1479, .T. ) ;
#334 = ORIENTED_EDGE ( 'NONE', *, *, #195, .F. ) ;
#335 = DIRECTION ( 'NONE',  ( 0.0000000000000000000, -1.000000000000000000, 0.0000000000000000000 ) ) ;
#336 = EDGE_LOOP ( 'NONE', ( #812, #1419, #1230, #1098 ) ) ;
#337 = DIRECTION ( 'NONE',  ( 0.0000000000000000000, 0.0000000000000000000, 1.000000000000000000 ) ) ;
#338 = CARTESIAN_POINT ( 'NONE',  ( -9.400000000000002100, 0.5000000000000000000, -1.399999999999998600 ) ) ;
#339 = FACE_OUTER_BOUND ( 'NONE', #336, .T. ) ;
#340 = LINE ( 'NONE', #673, #650 ) ;
#341 = VECTOR ( 'NONE', #246, 1000.000000000000000 ) ;
#342 = EDGE_CURVE ( 'NONE', #76, #241, #563, .T. ) ;
#343 = DIRECTION ( 'NONE',  ( -0.0000000000000000000, -0.0000000000000000000, -1.000000000000000000 ) ) ;
#344 = CARTESIAN_POINT ( 'NONE',  ( -37.79999999999999700, 11.00000000000000000, -25.39999999999999500 ) ) ;
#345 = CARTESIAN_POINT ( 'NONE',  ( -49.79999999999999700, 9.999999999999998200, -25.39999999999999100 ) ) ;
#346 = PRODUCT_DEFINITION_FORMATION_WITH_SPECIFIED_SOURCE ( 'ANY', '', #1184, .NOT_KNOWN. ) ;
#347 = CIRCLE ( 'NONE', #1042, 1.000000000000000000 ) ;
#348 = LINE ( 'NONE', #68, #366 ) ;
#349 = CARTESIAN_POINT ( 'NONE',  ( 0.0000000000000000000, 9.999999999999996400, -24.39999999999999900 ) ) ;
#350 = VECTOR ( 'NONE', #435, 1000.000000000000000 ) ;
#351 = FACE_OUTER_BOUND ( 'NONE', #1147, .T. ) ;
#352 = CARTESIAN_POINT ( 'NONE',  ( -50.79999999999999700, 9.999999999999992900, -24.39999999999999500 ) ) ;
#353 = ORIENTED_EDGE ( 'NONE', *, *, #917, .T. ) ;
#354 = DIRECTION ( 'NONE',  ( -0.0000000000000000000, -1.000000000000000000, -0.0000000000000000000 ) ) ;
#355 = DIRECTION ( 'NONE',  ( 0.0000000000000000000, 0.0000000000000000000, -1.000000000000000000 ) ) ;
#356 = DIRECTION ( 'NONE',  ( 1.156482317317870300E-015, -0.0000000000000000000, 1.000000000000000000 ) ) ;
#357 = ORIENTED_EDGE ( 'NONE', *, *, #818, .F. ) ;
#358 = AXIS2_PLACEMENT_3D ( 'NONE', #770, #759, #755 ) ;
#359 = AXIS2_PLACEMENT_3D ( 'NONE', #1409, #683, #1530 ) ;
#360 = FILL_AREA_STYLE ('',( #1075 ) ) ;
#361 = DIRECTION ( 'NONE',  ( 0.0000000000000000000, 0.0000000000000000000, -1.000000000000000000 ) ) ;
#362 = VECTOR ( 'NONE', #1100, 1000.000000000000000 ) ;
#363 = CARTESIAN_POINT ( 'NONE',  ( -37.79999999999999700, 0.0000000000000000000, 0.0000000000000000000 ) ) ;
#364 = CARTESIAN_POINT ( 'NONE',  ( -2.539999999999893900, -5.500000000000000000, -12.19999999999999200 ) ) ;
#365 = EDGE_CURVE ( 'NONE', #247, #1168, #459, .T. ) ;
#366 = VECTOR ( 'NONE', #912, 1000.000000000000000 ) ;
#367 = FACE_OUTER_BOUND ( 'NONE', #1153, .T. ) ;
#368 = ADVANCED_FACE ( 'NONE', ( #439 ), #1459, .T. ) ;
#369 = DIRECTION ( 'NONE',  ( 0.0000000000000000000, 1.000000000000000000, 0.0000000000000000000 ) ) ;
#370 = EDGE_CURVE ( 'NONE', #241, #76, #417, .T. ) ;
#371 = VERTEX_POINT ( 'NONE', #2 ) ;
#372 = VECTOR ( 'NONE', #613, 1000.000000000000000 ) ;
#373 = DIRECTION ( 'NONE',  ( 0.0000000000000000000, -0.0000000000000000000, 1.000000000000000000 ) ) ;
#374 = ORIENTED_EDGE ( 'NONE', *, *, #1279, .F. ) ;
#375 =( NAMED_UNIT ( * ) SI_UNIT ( $, .STERADIAN. ) SOLID_ANGLE_UNIT ( ) );
#376 = LINE ( 'NONE', #558, #649 ) ;
#377 = VECTOR ( 'NONE', #407, 1000.000000000000000 ) ;
#378 = CYLINDRICAL_SURFACE ( 'NONE', #249, 1.000000000000000200 ) ;
#379 = FACE_OUTER_BOUND ( 'NONE', #1173, .T. ) ;
#380 = EDGE_CURVE ( 'NONE', #574, #486, #396, .T. ) ;
#381 = ORIENTED_EDGE ( 'NONE', *, *, #1474, .T. ) ;
#382 = AXIS2_PLACEMENT_3D ( 'NONE', #886, #167, #1008 ) ;
#383 = LINE ( 'NONE', #811, #372 ) ;
#384 = ORIENTED_EDGE ( 'NONE', *, *, #569, .F. ) ;
#385 = EDGE_LOOP ( 'NONE', ( #334, #357 ) ) ;
#386 = EDGE_CURVE ( 'NONE', #1217, #1077, #584, .T. ) ;
#387 = DIRECTION ( 'NONE',  ( 0.0000000000000000000, 0.0000000000000000000, 1.000000000000000000 ) ) ;
#388 = VECTOR ( 'NONE', #689, 1000.000000000000000 ) ;
#389 = FACE_OUTER_BOUND ( 'NONE', #796, .T. ) ;
#390 = DIRECTION ( 'NONE',  ( 0.0000000000000000000, 0.0000000000000000000, 1.000000000000000000 ) ) ;
#391 = ADVANCED_FACE ( 'NONE', ( #379 ), #1161, .T. ) ;
#392 = DIRECTION ( 'NONE',  ( 1.000000000000000000, -0.0000000000000000000, 0.0000000000000000000 ) ) ;
#393 = DIRECTION ( 'NONE',  ( -1.000000000000000000, -0.0000000000000000000, 0.0000000000000000000 ) ) ;
#394 = VECTOR ( 'NONE', #785, 1000.000000000000000 ) ;
#395 = CARTESIAN_POINT ( 'NONE',  ( -50.79999999999999700, 9.999999999999994700, -0.4142135623730890400 ) ) ;
#396 = LINE ( 'NONE', #244, #394 ) ;
#397 = CIRCLE ( 'NONE', #636, 0.4999999999999987200 ) ;
#398 = CARTESIAN_POINT ( 'NONE',  ( -41.39999999999999900, 0.0000000000000000000, -1.399999999999995000 ) ) ;
#399 = AXIS2_PLACEMENT_3D ( 'NONE', #1335, #491, #373 ) ;
#400 = AXIS2_PLACEMENT_3D ( 'NONE', #1199, #1448, #717 ) ;
#401 = DIRECTION ( 'NONE',  ( 0.0000000000000000000, 1.000000000000000000, 0.0000000000000000000 ) ) ;
#402 = DIRECTION ( 'NONE',  ( -0.0000000000000000000, 0.0000000000000000000, -1.000000000000000000 ) ) ;
#403 = CARTESIAN_POINT ( 'NONE',  ( 0.0000000000000000000, 11.00000000000000000, -25.39999999999999900 ) ) ;
#404 = EDGE_LOOP ( 'NONE', ( #793, #512, #1209, #1310 ) ) ;
#405 = CARTESIAN_POINT ( 'NONE',  ( -50.79999999999999700, 11.00000000000000000, -24.39999999999999100 ) ) ;
#406 = VECTOR ( 'NONE', #224, 1000.000000000000000 ) ;
#407 = DIRECTION ( 'NONE',  ( -0.0000000000000000000, -1.000000000000000000, 0.0000000000000000000 ) ) ;
#408 = LINE ( 'NONE', #875, #263 ) ;
#409 = EDGE_CURVE ( 'NONE', #371, #1192, #348, .T. ) ;
#410 = ADVANCED_FACE ( 'NONE', ( #333 ), #794, .F. ) ;
#411 = DIRECTION ( 'NONE',  ( 0.0000000000000000000, 0.0000000000000000000, -1.000000000000000000 ) ) ;
#412 = LINE ( 'NONE', #1326, #539 ) ;
#413 = DIRECTION ( 'NONE',  ( 0.0000000000000000000, 1.000000000000000000, 0.0000000000000000000 ) ) ;
#414 = DIRECTION ( 'NONE',  ( 0.0000000000000000000, -0.0000000000000000000, -1.000000000000000000 ) ) ;
#415 = DIRECTION ( 'NONE',  ( 0.0000000000000000000, 1.000000000000000000, -0.0000000000000000000 ) ) ;
#416 = EDGE_CURVE ( 'NONE', #684, #37, #397, .T. ) ;
#417 = CIRCLE ( 'NONE', #319, 0.4999999999999987200 ) ;
#418 = VECTOR ( 'NONE', #1025, 1000.000000000000000 ) ;
#419 = CARTESIAN_POINT ( 'NONE',  ( -37.79999999999999700, 0.5000000000000000000, -23.99999999999999600 ) ) ;
#420 = LINE ( 'NONE', #1276, #1513 ) ;
#421 = CARTESIAN_POINT ( 'NONE',  ( -2.539999999999787300, -5.500000000000000000, -2.539999999999990300 ) ) ;
#422 = CARTESIAN_POINT ( 'NONE',  ( 0.0000000000000000000, 11.00000000000000000, 0.0000000000000000000 ) ) ;
#423 = PRODUCT_RELATED_PRODUCT_CATEGORY ( 'part', '', ( #1184 ) ) ;
#424 = ORIENTED_EDGE ( 'NONE', *, *, #1314, .F. ) ;
#425 = ORIENTED_EDGE ( 'NONE', *, *, #1340, .T. ) ;
#426 = DIRECTION ( 'NONE',  ( 0.0000000000000000000, 0.0000000000000000000, 1.000000000000000000 ) ) ;
#427 = ORIENTED_EDGE ( 'NONE', *, *, #797, .F. ) ;
#428 = CARTESIAN_POINT ( 'NONE',  ( -49.79999999999999700, 0.0000000000000000000, 6.085136612836321700E-015 ) ) ;
#429 = CYLINDRICAL_SURFACE ( 'NONE', #1373, 1.000000000000000000 ) ;
#430 = CARTESIAN_POINT ( 'NONE',  ( 0.0000000000000000000, 9.999999999999992900, -0.9999999999999981100 ) ) ;
#431 = DIRECTION ( 'NONE',  ( 0.0000000000000000000, -0.0000000000000000000, 1.000000000000000000 ) ) ;
#432 = LINE ( 'NONE', #468, #83 ) ;
#433 = CARTESIAN_POINT ( 'NONE',  ( -1.000000000000000000, 9.999999999999996400, 1.734723475976807100E-015 ) ) ;
#434 = ADVANCED_FACE ( 'NONE', ( #351 ), #306, .T. ) ;
#435 = DIRECTION ( 'NONE',  ( 0.0000000000000000000, 1.000000000000000000, 0.0000000000000000000 ) ) ;
#436 = DIRECTION ( 'NONE',  ( -1.000000000000000000, 0.0000000000000000000, 0.0000000000000000000 ) ) ;
#437 = VECTOR ( 'NONE', #7, 1000.000000000000000 ) ;
#438 = VECTOR ( 'NONE', #461, 1000.000000000000000 ) ;
#439 = FACE_OUTER_BOUND ( 'NONE', #122, .T. ) ;
#440 = CARTESIAN_POINT ( 'NONE',  ( -48.25999999999982000, -5.500000000000000000, -5.079999999999671400 ) ) ;
#441 = DIRECTION ( 'NONE',  ( -0.0000000000000000000, 1.000000000000000000, -0.0000000000000000000 ) ) ;
#442 = EDGE_CURVE ( 'NONE', #1134, #371, #325, .T. ) ;
#443 = ORIENTED_EDGE ( 'NONE', *, *, #260, .T. ) ;
#444 = VERTEX_POINT ( 'NONE', #447 ) ;
#445 = DIRECTION ( 'NONE',  ( 0.0000000000000000000, 0.0000000000000000000, 1.000000000000000000 ) ) ;
#446 = ORIENTED_EDGE ( 'NONE', *, *, #442, .T. ) ;
#447 = CARTESIAN_POINT ( 'NONE',  ( -1.000000000000000000, 11.00000000000000000, -0.9999999999999997800 ) ) ;
#448 = CARTESIAN_POINT ( 'NONE',  ( -2.540000000000000000, -5.500000000000000000, -22.35999999999999200 ) ) ;
#449 = EDGE_CURVE ( 'NONE', #1531, #102, #292, .T. ) ;
#450 = LINE ( 'NONE', #1429, #1458 ) ;
#451 = CYLINDRICAL_SURFACE ( 'NONE', #1021, 0.4999999999999987200 ) ;
#452 = CARTESIAN_POINT ( 'NONE',  ( -2.539999999999893900, -5.500000000000000000, -12.69999999999999000 ) ) ;
#453 = LINE ( 'NONE', #364, #1182 ) ;
#454 = CARTESIAN_POINT ( 'NONE',  ( -37.79999999999999700, 0.0000000000000000000, -23.99999999999999600 ) ) ;
#455 = AXIS2_PLACEMENT_3D ( 'NONE', #1486, #392, #514 ) ;
#456 = CARTESIAN_POINT ( 'NONE',  ( -41.39999999999999900, 0.5000000000000001100, 5.755770729643988600E-015 ) ) ;
#457 = DIRECTION ( 'NONE',  ( 0.0000000000000000000, 1.000000000000000000, 0.0000000000000000000 ) ) ;
#458 = DIRECTION ( 'NONE',  ( -1.000000000000000000, -0.0000000000000000000, 0.0000000000000000000 ) ) ;
#459 = LINE ( 'NONE', #363, #437 ) ;
#460 = VECTOR ( 'NONE', #1325, 1000.000000000000000 ) ;
#461 = DIRECTION ( 'NONE',  ( -0.0000000000000000000, 0.0000000000000000000, -1.000000000000000000 ) ) ;
#462 = LINE ( 'NONE', #928, #438 ) ;
#463 = CARTESIAN_POINT ( 'NONE',  ( -50.79999999999999700, 9.999999999999998200, 6.221205739668553700E-015 ) ) ;
#464 = CARTESIAN_POINT ( 'NONE',  ( -49.79999999999999700, 10.99999999999999800, -24.39999999999999100 ) ) ;
#465 = ORIENTED_EDGE ( 'NONE', *, *, #141, .F. ) ;
#466 = EDGE_CURVE ( 'NONE', #1031, #738, #305, .T. ) ;
#467 = AXIS2_PLACEMENT_3D ( 'NONE', #1001, #1249, #163 ) ;
#468 = CARTESIAN_POINT ( 'NONE',  ( -49.79999999999999700, 11.00000000000000000, -25.39999999999999100 ) ) ;
#469 = ORIENTED_EDGE ( 'NONE', *, *, #1303, .F. ) ;
#470 = CARTESIAN_POINT ( 'NONE',  ( 0.0000000000000000000, 10.34314575050761900, -24.98578643762690600 ) ) ;
#471 = DIRECTION ( 'NONE',  ( 0.0000000000000000000, -0.0000000000000000000, 1.000000000000000000 ) ) ;
#472 = VECTOR ( 'NONE', #578, 1000.000000000000000 ) ;
#473 = VECTOR ( 'NONE', #916, 1000.000000000000000 ) ;
#474 = PLANE ( 'NONE',  #275 ) ;
#475 = CARTESIAN_POINT ( 'NONE',  ( -13.00000000000000400, 0.0000000000000000000, 0.0000000000000000000 ) ) ;
#476 = EDGE_CURVE ( 'NONE', #1136, #529, #347, .T. ) ;
#477 = CARTESIAN_POINT ( 'NONE',  ( -9.400000000000000400, 0.5000000000000000000, -23.99999999999999600 ) ) ;
#478 = SURFACE_STYLE_USAGE ( .BOTH. , #1198 ) ;
#479 = DIRECTION ( 'NONE',  ( 0.0000000000000000000, -0.0000000000000000000, 1.000000000000000000 ) ) ;
#480 = FACE_OUTER_BOUND ( 'NONE', #1383, .T. ) ;
#481 = ORIENTED_EDGE ( 'NONE', *, *, #1412, .F. ) ;
#482 =( NAMED_UNIT ( * ) PLANE_ANGLE_UNIT ( ) SI_UNIT ( $, .RADIAN. ) );
#483 = DIRECTION ( 'NONE',  ( 0.0000000000000000000, 1.000000000000000000, 0.0000000000000000000 ) ) ;
#484 = ORIENTED_EDGE ( 'NONE', *, *, #1418, .F. ) ;
#485 = AXIS2_PLACEMENT_3D ( 'NONE', #609, #1464, #733 ) ;
#486 = VERTEX_POINT ( 'NONE', #1529 ) ;
#487 = CARTESIAN_POINT ( 'NONE',  ( 0.0000000000000000000, 9.999999999999998200, 0.0000000000000000000 ) ) ;
#488 = CYLINDRICAL_SURFACE ( 'NONE', #1353, 0.4999999999999987200 ) ;
#489 = CARTESIAN_POINT ( 'NONE',  ( -13.00000000000000500, 0.5000000000000000000, -1.399999999999998600 ) ) ;
#490 = LINE ( 'NONE', #344, #1413 ) ;
#491 = DIRECTION ( 'NONE',  ( 0.0000000000000000000, 1.000000000000000000, 0.0000000000000000000 ) ) ;
#492 = ADVANCED_BREP_SHAPE_REPRESENTATION ( 'ten50wi', ( #326, #177 ), #1010 ) ;
#493 =( LENGTH_UNIT ( ) NAMED_UNIT ( * ) SI_UNIT ( .MILLI., .METRE. ) );
#494 = EDGE_CURVE ( 'NONE', #532, #574, #256, .T. ) ;
#495 = CARTESIAN_POINT ( 'NONE',  ( -48.25999999999997000, 0.0000000000000000000, -20.81999999999967700 ) ) ;
#496 = PRODUCT_DEFINITION_SHAPE ( 'NONE', 'NONE',  #266 ) ;
#497 = EDGE_CURVE ( 'NONE', #1549, #1485, #270, .T. ) ;
#498 = ORIENTED_EDGE ( 'NONE', *, *, #716, .F. ) ;
#499 = ORIENTED_EDGE ( 'NONE', *, *, #575, .F. ) ;
#500 = CARTESIAN_POINT ( 'NONE',  ( -1.000000000000000000, 9.999999999999998200, 0.0000000000000000000 ) ) ;
#501 = VERTEX_POINT ( 'NONE', #1534 ) ;
#502 = VECTOR ( 'NONE', #504, 1000.000000000000000 ) ;
#503 = DIRECTION ( 'NONE',  ( 0.0000000000000000000, 0.0000000000000000000, -1.000000000000000000 ) ) ;
#504 = DIRECTION ( 'NONE',  ( -0.0000000000000000000, -1.000000000000000000, -0.0000000000000000000 ) ) ;
#505 = AXIS2_PLACEMENT_3D ( 'NONE', #1320, #542, #1300 ) ;
#506 = ADVANCED_FACE ( 'NONE', ( #238 ), #211, .T. ) ;
#507 = ORIENTED_EDGE ( 'NONE', *, *, #311, .T. ) ;
#508 = PLANE ( 'NONE',  #293 ) ;
#509 = CARTESIAN_POINT ( 'NONE',  ( -1.000000000000000200, 11.00000000000000000, -25.39999999999999900 ) ) ;
#510 = VERTEX_POINT ( 'NONE', #1055 ) ;
#511 = CARTESIAN_POINT ( 'NONE',  ( -50.79999999999999700, 9.999999999999998200, -0.9999999999999938900 ) ) ;
#512 = ORIENTED_EDGE ( 'NONE', *, *, #466, .T. ) ;
#513 = EDGE_CURVE ( 'NONE', #241, #1466, #236, .T. ) ;
#514 = DIRECTION ( 'NONE',  ( 0.0000000000000000000, 0.0000000000000000000, -1.000000000000000000 ) ) ;
#515 = CARTESIAN_POINT ( 'NONE',  ( -13.00000000000000500, 0.5000000000000000000, 0.1000000000000028600 ) ) ;
#516 = CYLINDRICAL_SURFACE ( 'NONE', #1189, 0.5000000000000004400 ) ;
#517 = DIRECTION ( 'NONE',  ( -0.0000000000000000000, -1.000000000000000000, -0.0000000000000000000 ) ) ;
#518 = LINE ( 'NONE', #477, #201 ) ;
#519 = PLANE ( 'NONE',  #302 ) ;
#520 = EDGE_CURVE ( 'NONE', #120, #816, #235, .T. ) ;
#521 = DIRECTION ( 'NONE',  ( 0.0000000000000000000, 1.000000000000000000, 0.0000000000000000000 ) ) ;
#522 = CARTESIAN_POINT ( 'NONE',  ( -48.25999999999997000, -5.500000000000000000, -20.81999999999967700 ) ) ;
#523 = PRESENTATION_STYLE_ASSIGNMENT (( #599 ) ) ;
#524 = DIRECTION ( 'NONE',  ( -0.0000000000000000000, -1.000000000000000000, -0.0000000000000000000 ) ) ;
#525 = ORIENTED_EDGE ( 'NONE', *, *, #607, .F. ) ;
#526 = CARTESIAN_POINT ( 'NONE',  ( 5.421010862427522200E-017, 9.999999999999998200, -0.9999999999999997800 ) ) ;
#527 = ORIENTED_EDGE ( 'NONE', *, *, #311, .F. ) ;
#528 = CARTESIAN_POINT ( 'NONE',  ( -2.539999999999893900, 0.0000000000000000000, -13.19999999999998900 ) ) ;
#529 = VERTEX_POINT ( 'NONE', #698 ) ;
#530 = CARTESIAN_POINT ( 'NONE',  ( -13.00000000000000400, 0.5000000000000000000, -23.99999999999999600 ) ) ;
#531 = ORIENTED_EDGE ( 'NONE', *, *, #386, .F. ) ;
#532 = VERTEX_POINT ( 'NONE', #1172 ) ;
#533 = CARTESIAN_POINT ( 'NONE',  ( 0.0000000000000000000, 9.999999999999998200, -25.39999999999999900 ) ) ;
#534 = DIRECTION ( 'NONE',  ( 0.0000000000000000000, 0.0000000000000000000, 1.000000000000000000 ) ) ;
#535 = FACE_OUTER_BOUND ( 'NONE', #150, .T. ) ;
#536 = EDGE_CURVE ( 'NONE', #711, #950, #207, .T. ) ;
#537 = AXIS2_PLACEMENT_3D ( 'NONE', #775, #50, #893 ) ;
#538 = CARTESIAN_POINT ( 'NONE',  ( -37.79999999999999700, 0.0000000000000000000, -1.399999999999995000 ) ) ;
#539 = VECTOR ( 'NONE', #600, 1000.000000000000000 ) ;
#540 = DIRECTION ( 'NONE',  ( 0.0000000000000000000, 1.000000000000000000, 0.0000000000000000000 ) ) ;
#541 = CARTESIAN_POINT ( 'NONE',  ( -48.25999999999997000, -5.500000000000000000, -19.81999999999967300 ) ) ;
#542 = DIRECTION ( 'NONE',  ( -0.0000000000000000000, -1.000000000000000000, -0.0000000000000000000 ) ) ;
#543 = SURFACE_STYLE_FILL_AREA ( #722 ) ;
#544 = ORIENTED_EDGE ( 'NONE', *, *, #1200, .T. ) ;
#545 = CARTESIAN_POINT ( 'NONE',  ( -2.333359696292868200E-032, 10.58578643762690400, -0.9999999999999992200 ) ) ;
#546 = ORIENTED_EDGE ( 'NONE', *, *, #416, .F. ) ;
#547 = EDGE_CURVE ( 'NONE', #1101, #1128, #268, .T. ) ;
#548 = CYLINDRICAL_SURFACE ( 'NONE', #1489, 0.5000000000000004400 ) ;
#549 = ADVANCED_FACE ( 'NONE', ( #169 ), #640, .F. ) ;
#550 = EDGE_LOOP ( 'NONE', ( #384, #424 ) ) ;
#551 = CARTESIAN_POINT ( 'NONE',  ( -13.00000000000000400, 11.00000000000000000, -25.39999999999999500 ) ) ;
#552 = DIRECTION ( 'NONE',  ( 0.0000000000000000000, 1.000000000000000000, 0.0000000000000000000 ) ) ;
#553 = ORIENTED_EDGE ( 'NONE', *, *, #1170, .F. ) ;
#554 = EDGE_LOOP ( 'NONE', ( #427, #465 ) ) ;
#555 = ORIENTED_EDGE ( 'NONE', *, *, #818, .T. ) ;
#556 = CARTESIAN_POINT ( 'NONE',  ( -41.39999999999999900, 0.0000000000000000000, 0.0000000000000000000 ) ) ;
#557 = DIRECTION ( 'NONE',  ( 0.0000000000000000000, 1.000000000000000000, 0.0000000000000000000 ) ) ;
#558 = CARTESIAN_POINT ( 'NONE',  ( -41.39999999999999900, 0.5000000000000000000, -23.99999999999999300 ) ) ;
#559 = LINE ( 'NONE', #1357, #250 ) ;
#560 = FACE_BOUND ( 'NONE', #1014, .T. ) ;
#561 = DIRECTION ( 'NONE',  ( 0.0000000000000000000, 1.000000000000000000, 0.0000000000000000000 ) ) ;
#562 = DIRECTION ( 'NONE',  ( 0.0000000000000000000, 0.0000000000000000000, -1.000000000000000000 ) ) ;
#563 = CIRCLE ( 'NONE', #1399, 0.4999999999999987200 ) ;
#564 = CARTESIAN_POINT ( 'NONE',  ( -48.25999999999986300, -5.500000000000000000, -10.15999999999967200 ) ) ;
#565 = LINE ( 'NONE', #838, #460 ) ;
#566 = CARTESIAN_POINT ( 'NONE',  ( -48.25999999999982000, 0.0000000000000000000, -5.579999999999670600 ) ) ;
#567 = DIRECTION ( 'NONE',  ( 0.0000000000000000000, 1.000000000000000000, 0.0000000000000000000 ) ) ;
#568 = CARTESIAN_POINT ( 'NONE',  ( -13.00000000000000500, 0.5000000000000000000, -1.399999999999998600 ) ) ;
#569 = EDGE_CURVE ( 'NONE', #1446, #777, #192, .T. ) ;
#570 = ORIENTED_EDGE ( 'NONE', *, *, #767, .F. ) ;
#571 = EDGE_LOOP ( 'NONE', ( #481, #498 ) ) ;
#572 = CARTESIAN_POINT ( 'NONE',  ( -37.79999999999999700, 0.0000000000000000000, -25.39999999999999500 ) ) ;
#573 = CARTESIAN_POINT ( 'NONE',  ( -1.000000000000000000, 9.999999999999998200, -24.39999999999999900 ) ) ;
#574 = VERTEX_POINT ( 'NONE', #161 ) ;
#575 = EDGE_CURVE ( 'NONE', #1450, #1250, #147, .T. ) ;
#576 = CIRCLE ( 'NONE', #537, 1.000000000000000000 ) ;
#577 = DIRECTION ( 'NONE',  ( 0.0000000000000000000, 1.000000000000000000, 0.0000000000000000000 ) ) ;
#578 = DIRECTION ( 'NONE',  ( 1.000000000000000000, 0.0000000000000000000, -0.0000000000000000000 ) ) ;
#579 = CARTESIAN_POINT ( 'NONE',  ( 0.0000000000000000000, 0.0000000000000000000, 0.0000000000000000000 ) ) ;
#580 = CYLINDRICAL_SURFACE ( 'NONE', #637, 1.000000000000000000 ) ;
#581 = CARTESIAN_POINT ( 'NONE',  ( -50.38578643762690500, 10.58578643762690200, -25.39999999999999100 ) ) ;
#582 = DIRECTION ( 'NONE',  ( -0.0000000000000000000, -1.000000000000000000, -0.0000000000000000000 ) ) ;
#583 = CARTESIAN_POINT ( 'NONE',  ( 0.0000000000000000000, 10.58578643762690200, -24.39999999999999900 ) ) ;
#584 = LINE ( 'NONE', #1510, #418 ) ;
#585 = FACE_OUTER_BOUND ( 'NONE', #949, .T. ) ;
#586 = VERTEX_POINT ( 'NONE', #644 ) ;
#587 = VECTOR ( 'NONE', #1085, 1000.000000000000000 ) ;
#588 = CARTESIAN_POINT ( 'NONE',  ( -41.39999999999999900, 0.5000000000000000000, -23.99999999999999300 ) ) ;
#589 = EDGE_LOOP ( 'NONE', ( #1114, #993, #831, #1444 ) ) ;
#590 = AXIS2_PLACEMENT_3D ( 'NONE', #783, #659, #647 ) ;
#591 = AXIS2_PLACEMENT_3D ( 'NONE', #568, #1417, #691 ) ;
#592 = ORIENTED_EDGE ( 'NONE', *, *, #1004, .T. ) ;
#593 =( NAMED_UNIT ( * ) PLANE_ANGLE_UNIT ( ) SI_UNIT ( $, .RADIAN. ) );
#594 = PLANE ( 'NONE',  #400 ) ;
#595 = ORIENTED_EDGE ( 'NONE', *, *, #1358, .F. ) ;
#596 = COLOUR_RGB ( '',0.7921568627450980000, 0.8196078431372548800, 0.9333333333333333500 ) ;
#597 = CIRCLE ( 'NONE', #1289, 1.000000000000000900 ) ;
#598 = VECTOR ( 'NONE', #458, 1000.000000000000000 ) ;
#599 = SURFACE_STYLE_USAGE ( .BOTH. , #603 ) ;
#600 = DIRECTION ( 'NONE',  ( -1.000000000000000000, -0.0000000000000000000, 0.0000000000000000000 ) ) ;
#601 = EDGE_CURVE ( 'NONE', #791, #1023, #191, .T. ) ;
#602 = UNCERTAINTY_MEASURE_WITH_UNIT (LENGTH_MEASURE( 1.000000000000000100E-005 ), #1441, 'distance_accuracy_value', 'NONE');
#603 = SURFACE_SIDE_STYLE ('',( #543 ) ) ;
#604 = CARTESIAN_POINT ( 'NONE',  ( -13.00000000000000400, 0.0000000000000000000, -25.39999999999999500 ) ) ;
#605 = CIRCLE ( 'NONE', #1152, 0.4999999999999987200 ) ;
#606 = VECTOR ( 'NONE', #1461, 1000.000000000000000 ) ;
#607 = EDGE_CURVE ( 'NONE', #816, #510, #144, .T. ) ;
#608 = ORIENTED_EDGE ( 'NONE', *, *, #1553, .F. ) ;
#609 = CARTESIAN_POINT ( 'NONE',  ( -1.000000000000000000, 9.999999999999998200, -0.9999999999999997800 ) ) ;
#610 = ORIENTED_EDGE ( 'NONE', *, *, #476, .T. ) ;
#611 = AXIS2_PLACEMENT_3D ( 'NONE', #1045, #328, #1165 ) ;
#612 = EDGE_LOOP ( 'NONE', ( #832, #1214, #1451, #772 ) ) ;
#613 = DIRECTION ( 'NONE',  ( 0.0000000000000000000, 0.0000000000000000000, 1.000000000000000000 ) ) ;
#614 = FACE_OUTER_BOUND ( 'NONE', #1197, .T. ) ;
#615 = CIRCLE ( 'NONE', #782, 0.4999999999999987200 ) ;
#616 = CIRCLE ( 'NONE', #878, 0.4999999999999991700 ) ;
#617 = DIRECTION ( 'NONE',  ( 1.000000000000000000, 0.0000000000000000000, 0.0000000000000000000 ) ) ;
#618 = EDGE_CURVE ( 'NONE', #312, #729, #168, .T. ) ;
#619 = AXIS2_PLACEMENT_3D ( 'NONE', #1502, #1130, #414 ) ;
#620 = COLOUR_RGB ( '',0.7921568627450980000, 0.8196078431372548800, 0.9333333333333333500 ) ;
#621 = LINE ( 'NONE', #487, #656 ) ;
#622 = FACE_OUTER_BOUND ( 'NONE', #664, .T. ) ;
#623 = LINE ( 'NONE', #30, #606 ) ;
#624 = VERTEX_POINT ( 'NONE', #526 ) ;
#625 = ORIENTED_EDGE ( 'NONE', *, *, #10, .T. ) ;
#626 = EDGE_CURVE ( 'NONE', #37, #684, #132, .T. ) ;
#627 = ADVANCED_FACE ( 'NONE', ( #112 ), #73, .T. ) ;
#628 = CARTESIAN_POINT ( 'NONE',  ( 0.0000000000000000000, 0.5000000000000000000, 0.0000000000000000000 ) ) ;
#629 = ORIENTED_EDGE ( 'NONE', *, *, #716, .T. ) ;
#630 = ORIENTED_EDGE ( 'NONE', *, *, #687, .T. ) ;
#631 = CARTESIAN_POINT ( 'NONE',  ( -49.79999999999999000, 10.58578643762690100, 4.485624437213829800E-015 ) ) ;
#632 = PLANE ( 'NONE',  #910 ) ;
#633 = EDGE_CURVE ( 'NONE', #486, #1128, #94, .T. ) ;
#634 = CARTESIAN_POINT ( 'NONE',  ( -50.79999999999999700, 9.999999999999996400, -0.9999999999999940000 ) ) ;
#635 = CARTESIAN_POINT ( 'NONE',  ( -13.00000000000000500, 11.00000000000000000, 1.592040838891559700E-015 ) ) ;
#636 = AXIS2_PLACEMENT_3D ( 'NONE', #675, #1525, #801 ) ;
#637 = AXIS2_PLACEMENT_3D ( 'NONE', #835, #840, #723 ) ;
#638 = FACE_OUTER_BOUND ( 'NONE', #571, .T. ) ;
#639 = FACE_OUTER_BOUND ( 'NONE', #1468, .T. ) ;
#640 = PLANE ( 'NONE',  #1462 ) ;
#641 = DIRECTION ( 'NONE',  ( -1.000000000000000000, -0.0000000000000000000, 0.0000000000000000000 ) ) ;
#642 = ORIENTED_EDGE ( 'NONE', *, *, #290, .T. ) ;
#643 = VECTOR ( 'NONE', #415, 1000.000000000000000 ) ;
#644 = CARTESIAN_POINT ( 'NONE',  ( -13.00000000000000400, 0.0000000000000000000, -23.99999999999999600 ) ) ;
#645 = ORIENTED_EDGE ( 'NONE', *, *, #285, .T. ) ;
#646 = EDGE_CURVE ( 'NONE', #1266, #1083, #117, .T. ) ;
#647 = DIRECTION ( 'NONE',  ( 0.0000000000000000000, -0.0000000000000000000, 1.000000000000000000 ) ) ;
#648 =( BOUNDED_SURFACE ( )  B_SPLINE_SURFACE ( 3, 3, ( 
 ( #821, #936, #1066, #349 ),
 ( #1185, #470, #1312, #583 ),
 ( #1435, #708, #1550, #826 ),
 ( #103, #946, #230, #1074 ) ),
 .UNSPECIFIED., .F., .F., .F. ) 
 B_SPLINE_SURFACE_WITH_KNOTS ( ( 4, 4 ),
 ( 4, 4 ),
 ( 0.0000000000000000000, 1.000000000000000000 ),
 ( 0.0000000000000000000, 1.000000000000000000 ),
 .UNSPECIFIED. ) 
 GEOMETRIC_REPRESENTATION_ITEM ( )  RATIONAL_B_SPLINE_SURFACE ( (
 ( 1.000000000000000000, 0.8047378541243649400, 0.8047378541243649400, 1.000000000000000000),
 ( 0.8047378541243649400, 0.6476030138606876400, 0.6476030138606876400, 0.8047378541243649400),
 ( 0.8047378541243649400, 0.6476030138606876400, 0.6476030138606876400, 0.8047378541243649400),
 ( 1.000000000000000000, 0.8047378541243649400, 0.8047378541243649400, 1.000000000000000000) ) ) 
 REPRESENTATION_ITEM ( '' )  SURFACE ( )  );
#649 = VECTOR ( 'NONE', #1527, 1000.000000000000000 ) ;
#650 = VECTOR ( 'NONE', #1523, 1000.000000000000000 ) ;
#651 = ADVANCED_FACE ( 'NONE', ( #72 ), #899, .F. ) ;
#652 = VECTOR ( 'NONE', #479, 1000.000000000000000 ) ;
#653 = CARTESIAN_POINT ( 'NONE',  ( -13.00000000000000500, 0.5000000000000000000, -1.399999999999998600 ) ) ;
#654 = EDGE_CURVE ( 'NONE', #1250, #1083, #55, .T. ) ;
#655 = CARTESIAN_POINT ( 'NONE',  ( -48.25999999999982000, -5.500000000000000000, -5.079999999999671400 ) ) ;
#656 = VECTOR ( 'NONE', #732, 1000.000000000000000 ) ;
#657 = VECTOR ( 'NONE', #524, 1000.000000000000000 ) ;
#658 = ADVANCED_FACE ( 'NONE', ( #56 ), #1264, .T. ) ;
#659 = DIRECTION ( 'NONE',  ( 0.0000000000000000000, 1.000000000000000000, 0.0000000000000000000 ) ) ;
#660 = FACE_OUTER_BOUND ( 'NONE', #774, .T. ) ;
#661 = LINE ( 'NONE', #530, #643 ) ;
#662 = DIRECTION ( 'NONE',  ( 0.0000000000000000000, -1.000000000000000000, 0.0000000000000000000 ) ) ;
#663 = ORIENTED_EDGE ( 'NONE', *, *, #758, .F. ) ;
#664 = EDGE_LOOP ( 'NONE', ( #1385, #904, #868, #1500 ) ) ;
#665 = ORIENTED_EDGE ( 'NONE', *, *, #28, .T. ) ;
#666 = CARTESIAN_POINT ( 'NONE',  ( -2.333359696292867600E-032, 10.34314575050761900, -0.4142135623730933700 ) ) ;
#667 = CARTESIAN_POINT ( 'NONE',  ( -1.000000000000000000, 9.999999999999998200, -0.9999999999999997800 ) ) ;
#668 = ORIENTED_EDGE ( 'NONE', *, *, #923, .F. ) ;
#669 = SHAPE_DEFINITION_REPRESENTATION ( #496, #492 ) ;
#670 = AXIS2_PLACEMENT_3D ( 'NONE', #573, #1426, #699 ) ;
#671 = VECTOR ( 'NONE', #696, 1000.000000000000000 ) ;
#672 = DIRECTION ( 'NONE',  ( 0.0000000000000000000, 0.0000000000000000000, -1.000000000000000000 ) ) ;
#673 = CARTESIAN_POINT ( 'NONE',  ( -41.39999999999999900, 0.5000000000000000000, 0.1000000000000063300 ) ) ;
#674 = LINE ( 'NONE', #119, #587 ) ;
#675 = CARTESIAN_POINT ( 'NONE',  ( -48.25999999999986300, 0.0000000000000000000, -10.15999999999967200 ) ) ;
#676 = DIRECTION ( 'NONE',  ( 1.000000000000000000, -0.0000000000000000000, 0.0000000000000000000 ) ) ;
#677 = DIRECTION ( 'NONE',  ( 0.0000000000000000000, 1.000000000000000000, 0.0000000000000000000 ) ) ;
#678 = LINE ( 'NONE', #635, #657 ) ;
#679 = EDGE_CURVE ( 'NONE', #1446, #927, #54, .T. ) ;
#680 = VECTOR ( 'NONE', #393, 1000.000000000000000 ) ;
#681 = DIRECTION ( 'NONE',  ( 0.0000000000000000000, 0.0000000000000000000, 1.000000000000000000 ) ) ;
#682 = CARTESIAN_POINT ( 'NONE',  ( 0.0000000000000000000, 0.0000000000000000000, -0.9999999999999997800 ) ) ;
#683 = DIRECTION ( 'NONE',  ( 1.000000000000000000, 0.0000000000000000000, -1.365923996832131900E-016 ) ) ;
#684 = VERTEX_POINT ( 'NONE', #303 ) ;
#685 = CIRCLE ( 'NONE', #358, 1.000000000000000200 ) ;
#686 = ORIENTED_EDGE ( 'NONE', *, *, #646, .F. ) ;
#687 = EDGE_CURVE ( 'NONE', #444, #624, #53, .T. ) ;
#688 = DIRECTION ( 'NONE',  ( 1.000000000000000000, 0.0000000000000000000, -1.365923996832131900E-016 ) ) ;
#689 = DIRECTION ( 'NONE',  ( 0.0000000000000000000, 1.000000000000000000, -0.0000000000000000000 ) ) ;
#690 = DIRECTION ( 'NONE',  ( -0.0000000000000000000, 0.0000000000000000000, -1.000000000000000000 ) ) ;
#691 = DIRECTION ( 'NONE',  ( -1.000000000000000000, 0.0000000000000000000, -0.0000000000000000000 ) ) ;
#692 = LINE ( 'NONE', #194, #140 ) ;
#693 = FACE_OUTER_BOUND ( 'NONE', #779, .T. ) ;
#694 = LINE ( 'NONE', #111, #652 ) ;
#695 = CARTESIAN_POINT ( 'NONE',  ( -2.540000000000000000, 0.0000000000000000000, -22.35999999999999200 ) ) ;
#696 = DIRECTION ( 'NONE',  ( 0.0000000000000000000, 1.000000000000000000, 0.0000000000000000000 ) ) ;
#697 = CARTESIAN_POINT ( 'NONE',  ( 0.0000000000000000000, 0.0000000000000000000, 0.0000000000000000000 ) ) ;
#698 = CARTESIAN_POINT ( 'NONE',  ( -1.000000000000000000, 11.00000000000000000, -24.39999999999999900 ) ) ;
#699 = DIRECTION ( 'NONE',  ( -2.168404344971006900E-016, 0.0000000000000000000, -1.000000000000000000 ) ) ;
#700 = VECTOR ( 'NONE', #1126, 1000.000000000000000 ) ;
#701 = FACE_OUTER_BOUND ( 'NONE', #554, .T. ) ;
#702 = DIRECTION ( 'NONE',  ( -0.0000000000000000000, 0.0000000000000000000, -1.000000000000000000 ) ) ;
#703 = CIRCLE ( 'NONE', #185, 0.4999999999999987200 ) ;
#704 = CARTESIAN_POINT ( 'NONE',  ( -50.38578643762689100, 10.99999999999999800, -24.39999999999999500 ) ) ;
#705 = EDGE_CURVE ( 'NONE', #1450, #1077, #32, .T. ) ;
#706 = AXIS2_PLACEMENT_3D ( 'NONE', #421, #1258, #534 ) ;
#707 = VERTEX_POINT ( 'NONE', #66 ) ;
#708 = CARTESIAN_POINT ( 'NONE',  ( -0.4142135623730949800, 10.58578643762690800, -25.40000000000000600 ) ) ;
#709 = VERTEX_POINT ( 'NONE', #190 ) ;
#710 = CARTESIAN_POINT ( 'NONE',  ( 2.168404344971008900E-016, 9.999999999999998200, -24.39999999999999900 ) ) ;
#711 = VERTEX_POINT ( 'NONE', #1029 ) ;
#712 = ADVANCED_FACE ( 'NONE', ( #15 ), #908, .F. ) ;
#713 = DIRECTION ( 'NONE',  ( 0.0000000000000000000, -0.0000000000000000000, 1.000000000000000000 ) ) ;
#714 =( NAMED_UNIT ( * ) PLANE_ANGLE_UNIT ( ) SI_UNIT ( $, .RADIAN. ) );
#715 = CIRCLE ( 'NONE', #1463, 0.4999999999999987200 ) ;
#716 = EDGE_CURVE ( 'NONE', #1346, #709, #5, .T. ) ;
#717 = DIRECTION ( 'NONE',  ( -1.000000000000000000, 0.0000000000000000000, -0.0000000000000000000 ) ) ;
#718 = FACE_OUTER_BOUND ( 'NONE', #1097, .T. ) ;
#719 = EDGE_CURVE ( 'NONE', #738, #870, #17, .T. ) ;
#720 = ORIENTED_EDGE ( 'NONE', *, *, #51, .F. ) ;
#721 = ORIENTED_EDGE ( 'NONE', *, *, #873, .F. ) ;
#722 = FILL_AREA_STYLE ('',( #728 ) ) ;
#723 = DIRECTION ( 'NONE',  ( 0.0000000000000000000, 0.0000000000000000000, -1.000000000000000000 ) ) ;
#724 = AXIS2_PLACEMENT_3D ( 'NONE', #1331, #965, #253 ) ;
#725 = ORIENTED_EDGE ( 'NONE', *, *, #626, .F. ) ;
#726 = ADVANCED_FACE ( 'NONE', ( #535 ), #1047, .T. ) ;
#727 = ORIENTED_EDGE ( 'NONE', *, *, #416, .T. ) ;
#728 = FILL_AREA_STYLE_COLOUR ( '', #620 ) ;
#729 = VERTEX_POINT ( 'NONE', #157 ) ;
#730 = LINE ( 'NONE', #109, #473 ) ;
#731 = LINE ( 'NONE', #475, #1339 ) ;
#732 = DIRECTION ( 'NONE',  ( -0.0000000000000000000, -0.0000000000000000000, -1.000000000000000000 ) ) ;
#733 = DIRECTION ( 'NONE',  ( 2.168404344971008900E-016, 0.0000000000000000000, 1.000000000000000000 ) ) ;
#734 = EDGE_CURVE ( 'NONE', #1024, #1496, #408, .T. ) ;
#735 = CARTESIAN_POINT ( 'NONE',  ( -37.79999999999999700, 0.5000000000000000000, 0.1000000000000063300 ) ) ;
#736 = LINE ( 'NONE', #776, #700 ) ;
#737 = FACE_OUTER_BOUND ( 'NONE', #952, .T. ) ;
#738 = VERTEX_POINT ( 'NONE', #996 ) ;
#739 = EDGE_CURVE ( 'NONE', #967, #586, #559, .T. ) ;
#740 = ORIENTED_EDGE ( 'NONE', *, *, #1504, .F. ) ;
#741 = DIRECTION ( 'NONE',  ( -0.0000000000000000000, -1.000000000000000000, -0.0000000000000000000 ) ) ;
#742 = ORIENTED_EDGE ( 'NONE', *, *, #841, .T. ) ;
#743 = ORIENTED_EDGE ( 'NONE', *, *, #123, .F. ) ;
#744 = CARTESIAN_POINT ( 'NONE',  ( -2.539999999999893900, -5.500000000000000000, -12.69999999999999000 ) ) ;
#745 = SURFACE_STYLE_FILL_AREA ( #360 ) ;
#746 = AXIS2_PLACEMENT_3D ( 'NONE', #422, #307, #289 ) ;
#747 = AXIS2_PLACEMENT_3D ( 'NONE', #1535, #1295, #1163 ) ;
#748 = CIRCLE ( 'NONE', #20, 1.000000000000000900 ) ;
#749 = CYLINDRICAL_SURFACE ( 'NONE', #107, 1.000000000000000900 ) ;
#750 = CARTESIAN_POINT ( 'NONE',  ( -50.38578643762689100, 10.99999999999999500, -0.9999999999999937800 ) ) ;
#751 = LINE ( 'NONE', #1009, #680 ) ;
#752 = ORIENTED_EDGE ( 'NONE', *, *, #957, .F. ) ;
#753 = ADVANCED_FACE ( 'NONE', ( #282 ), #519, .F. ) ;
#754 = CARTESIAN_POINT ( 'NONE',  ( -2.539999999999787300, 0.0000000000000000000, -2.539999999999990300 ) ) ;
#755 = DIRECTION ( 'NONE',  ( 0.0000000000000000000, 0.0000000000000000000, -1.000000000000000000 ) ) ;
#756 = EDGE_LOOP ( 'NONE', ( #570, #595 ) ) ;
#757 = EDGE_LOOP ( 'NONE', ( #610, #625, #630, #645 ) ) ;
#758 = EDGE_CURVE ( 'NONE', #1136, #1327, #46, .T. ) ;
#759 = DIRECTION ( 'NONE',  ( 0.0000000000000000000, -1.000000000000000000, 0.0000000000000000000 ) ) ;
#760 = ORIENTED_EDGE ( 'NONE', *, *, #1088, .T. ) ;
#761 = ADVANCED_FACE ( 'NONE', ( #693 ), #84, .T. ) ;
#762 = CYLINDRICAL_SURFACE ( 'NONE', #1514, 1.000000000000000900 ) ;
#763 = CARTESIAN_POINT ( 'NONE',  ( -48.25999999999997000, -5.500000000000000000, -20.31999999999967300 ) ) ;
#764 = FACE_OUTER_BOUND ( 'NONE', #1026, .T. ) ;
#765 = DIRECTION ( 'NONE',  ( 0.0000000000000000000, 1.000000000000000000, 0.0000000000000000000 ) ) ;
#766 = FACE_OUTER_BOUND ( 'NONE', #385, .T. ) ;
#767 = EDGE_CURVE ( 'NONE', #847, #889, #1298, .T. ) ;
#768 =( BOUNDED_SURFACE ( )  B_SPLINE_SURFACE ( 3, 3, ( 
 ( #345, #92, #1180, #464 ),
 ( #1306, #581, #1431, #704 ),
 ( #1546, #823, #99, #938 ),
 ( #228, #1070, #352, #1187 ) ),
 .UNSPECIFIED., .F., .F., .F. ) 
 B_SPLINE_SURFACE_WITH_KNOTS ( ( 4, 4 ),
 ( 4, 4 ),
 ( 0.0000000000000000000, 1.000000000000000000 ),
 ( 0.0000000000000000000, 1.000000000000000000 ),
 .UNSPECIFIED. ) 
 GEOMETRIC_REPRESENTATION_ITEM ( )  RATIONAL_B_SPLINE_SURFACE ( (
 ( 1.000000000000000000, 0.8047378541243649400, 0.8047378541243649400, 1.000000000000000000),
 ( 0.8047378541243649400, 0.6476030138606876400, 0.6476030138606876400, 0.8047378541243649400),
 ( 0.8047378541243649400, 0.6476030138606876400, 0.6476030138606876400, 0.8047378541243649400),
 ( 1.000000000000000000, 0.8047378541243649400, 0.8047378541243649400, 1.000000000000000000) ) ) 
 REPRESENTATION_ITEM ( '' )  SURFACE ( )  );
#769 = DIRECTION ( 'NONE',  ( 0.0000000000000000000, 1.000000000000000000, 0.0000000000000000000 ) ) ;
#770 = CARTESIAN_POINT ( 'NONE',  ( -1.000000000000000000, 9.999999999999998200, -0.9999999999999997800 ) ) ;
#771 = AXIS2_PLACEMENT_3D ( 'NONE', #86, #924, #210 ) ;
#772 = ORIENTED_EDGE ( 'NONE', *, *, #976, .T. ) ;
#773 = ORIENTED_EDGE ( 'NONE', *, *, #633, .F. ) ;
#774 = EDGE_LOOP ( 'NONE', ( #882, #1059, #279, #294, #1137, #808, #1334, #642, #1445, #1116, #919, #1428 ) ) ;
#775 = CARTESIAN_POINT ( 'NONE',  ( -49.79999999999999700, 9.999999999999998200, -0.9999999999999940000 ) ) ;
#776 = CARTESIAN_POINT ( 'NONE',  ( 0.0000000000000000000, 0.5000000000000004400, 0.0000000000000000000 ) ) ;
#777 = VERTEX_POINT ( 'NONE', #522 ) ;
#778 = ADVANCED_FACE ( 'NONE', ( #1222 ), #1378, .T. ) ;
#779 = EDGE_LOOP ( 'NONE', ( #1290, #1405, #1407, #1430 ) ) ;
#780 = DIRECTION ( 'NONE',  ( 0.0000000000000000000, 1.000000000000000000, 0.0000000000000000000 ) ) ;
#781 = ORIENTED_EDGE ( 'NONE', *, *, #758, .T. ) ;
#782 = AXIS2_PLACEMENT_3D ( 'NONE', #181, #1020, #304 ) ;
#783 = CARTESIAN_POINT ( 'NONE',  ( -2.539999999999787300, -5.500000000000000000, -2.539999999999990300 ) ) ;
#784 = VECTOR ( 'NONE', #1236, 1000.000000000000000 ) ;
#785 = DIRECTION ( 'NONE',  ( 1.000000000000000000, 0.0000000000000000000, -1.365923996832131900E-016 ) ) ;
#786 = DIRECTION ( 'NONE',  ( 0.0000000000000000000, -1.000000000000000000, 0.0000000000000000000 ) ) ;
#787 = CARTESIAN_POINT ( 'NONE',  ( -0.4142135623730949800, 11.00000000000000000, -0.9999999999999992200 ) ) ;
#788 = DIRECTION ( 'NONE',  ( 1.000000000000000000, 0.0000000000000000000, 0.0000000000000000000 ) ) ;
#789 = EDGE_CURVE ( 'NONE', #1531, #1134, #576, .T. ) ;
#790 = ORIENTED_EDGE ( 'NONE', *, *, #1004, .F. ) ;
#791 = VERTEX_POINT ( 'NONE', #45 ) ;
#792 = VERTEX_POINT ( 'NONE', #528 ) ;
#793 = ORIENTED_EDGE ( 'NONE', *, *, #1131, .F. ) ;
#794 = PLANE ( 'NONE',  #877 ) ;
#795 = DIRECTION ( 'NONE',  ( 0.0000000000000000000, 0.0000000000000000000, 1.000000000000000000 ) ) ;
#796 = EDGE_LOOP ( 'NONE', ( #834, #837, #855, #866 ) ) ;
#797 = EDGE_CURVE ( 'NONE', #977, #1154, #894, .T. ) ;
#798 = ORIENTED_EDGE ( 'NONE', *, *, #1056, .F. ) ;
#799 = CARTESIAN_POINT ( 'NONE',  ( -48.25999999999997000, -5.500000000000000000, -20.31999999999967300 ) ) ;
#800 = ORIENTED_EDGE ( 'NONE', *, *, #1244, .T. ) ;
#801 = DIRECTION ( 'NONE',  ( 0.0000000000000000000, 0.0000000000000000000, 1.000000000000000000 ) ) ;
#802 = LINE ( 'NONE', #1420, #1089 ) ;
#803 = CARTESIAN_POINT ( 'NONE',  ( -48.25999999999997000, -5.500000000000000000, -20.31999999999967300 ) ) ;
#804 = LINE ( 'NONE', #579, #1377 ) ;
#805 = PLANE ( 'NONE',  #591 ) ;
#806 = PLANE ( 'NONE',  #771 ) ;
#807 = CARTESIAN_POINT ( 'NONE',  ( -2.539999999999787300, -5.500000000000000000, -2.539999999999990300 ) ) ;
#808 = ORIENTED_EDGE ( 'NONE', *, *, #135, .F. ) ;
#809 = EDGE_CURVE ( 'NONE', #729, #707, #223, .T. ) ;
#810 = CIRCLE ( 'NONE', #1438, 0.4999999999999991700 ) ;
#811 = CARTESIAN_POINT ( 'NONE',  ( -1.000000000000000000, 11.00000000000000000, 0.0000000000000000000 ) ) ;
#812 = ORIENTED_EDGE ( 'NONE', *, *, #1412, .T. ) ;
#813 = CARTESIAN_POINT ( 'NONE',  ( -1.000000000000000000, 0.0000000000000000000, -0.9999999999999997800 ) ) ;
#814 = CARTESIAN_POINT ( 'NONE',  ( 0.0000000000000000000, 0.0000000000000000000, -1.399999999999998600 ) ) ;
#815 = EDGE_LOOP ( 'NONE', ( #276, #78, #742, #1194 ) ) ;
#816 = VERTEX_POINT ( 'NONE', #1388 ) ;
#817 = ORIENTED_EDGE ( 'NONE', *, *, #164, .T. ) ;
#818 = EDGE_CURVE ( 'NONE', #1547, #1210, #615, .T. ) ;
#819 = CARTESIAN_POINT ( 'NONE',  ( -9.400000000000002100, 0.0000000000000000000, -23.99999999999999600 ) ) ;
#820 = EDGE_LOOP ( 'NONE', ( #1343, #261 ) ) ;
#821 = CARTESIAN_POINT ( 'NONE',  ( 0.0000000000000000000, 9.999999999999998200, -24.39999999999999900 ) ) ;
#822 = DIRECTION ( 'NONE',  ( 0.0000000000000000000, 1.000000000000000000, 0.0000000000000000000 ) ) ;
#823 = CARTESIAN_POINT ( 'NONE',  ( -50.80000000000001100, 10.34314575050761900, -24.98578643762689600 ) ) ;
#824 = LINE ( 'NONE', #1476, #502 ) ;
#825 = CARTESIAN_POINT ( 'NONE',  ( -9.400000000000002100, 0.0000000000000000000, -1.399999999999998600 ) ) ;
#826 = CARTESIAN_POINT ( 'NONE',  ( -0.4142135623730949800, 11.00000000000000000, -24.39999999999999900 ) ) ;
#827 = CARTESIAN_POINT ( 'NONE',  ( -13.00000000000000400, 0.5000000000000000000, -23.99999999999999600 ) ) ;
#828 = VECTOR ( 'NONE', #79, 1000.000000000000000 ) ;
#829 = CIRCLE ( 'NONE', #1352, 0.4999999999999987200 ) ;
#830 = ORIENTED_EDGE ( 'NONE', *, *, #290, .F. ) ;
#831 = ORIENTED_EDGE ( 'NONE', *, *, #1164, .T. ) ;
#832 = ORIENTED_EDGE ( 'NONE', *, *, #82, .F. ) ;
#833 = DIRECTION ( 'NONE',  ( 1.000000000000000000, 0.0000000000000000000, 0.0000000000000000000 ) ) ;
#834 = ORIENTED_EDGE ( 'NONE', *, *, #1069, .T. ) ;
#835 = CARTESIAN_POINT ( 'NONE',  ( -49.79999999999999700, 11.00000000000000000, -0.9999999999999940000 ) ) ;
#836 = ORIENTED_EDGE ( 'NONE', *, *, #607, .T. ) ;
#837 = ORIENTED_EDGE ( 'NONE', *, *, #1095, .T. ) ;
#838 = CARTESIAN_POINT ( 'NONE',  ( -2.540000000000000000, -5.500000000000000000, -23.35999999999999200 ) ) ;
#839 = VECTOR ( 'NONE', #197, 1000.000000000000000 ) ;
#840 = DIRECTION ( 'NONE',  ( 0.0000000000000000000, -1.000000000000000000, 0.0000000000000000000 ) ) ;
#841 = EDGE_CURVE ( 'NONE', #1168, #1169, #1203, .T. ) ;
#842 = ADVANCED_FACE ( 'NONE', ( #1140 ), #451, .T. ) ;
#843 = FACE_OUTER_BOUND ( 'NONE', #863, .T. ) ;
#844 = EDGE_CURVE ( 'NONE', #944, #1360, #340, .T. ) ;
#845 = ORIENTED_EDGE ( 'NONE', *, *, #301, .T. ) ;
#846 = EDGE_LOOP ( 'NONE', ( #1262, #1129, #995, #790 ) ) ;
#847 = VERTEX_POINT ( 'NONE', #1401 ) ;
#848 = DIRECTION ( 'NONE',  ( 0.0000000000000000000, 0.0000000000000000000, 1.000000000000000000 ) ) ;
#849 = DIRECTION ( 'NONE',  ( 0.0000000000000000000, -0.0000000000000000000, -1.000000000000000000 ) ) ;
#850 = STYLED_ITEM ( 'NONE', ( #1521 ), #492 ) ;
#851 = EDGE_LOOP ( 'NONE', ( #1397, #1398, #1505, #4 ) ) ;
#852 = ORIENTED_EDGE ( 'NONE', *, *, #116, .F. ) ;
#853 = EDGE_LOOP ( 'NONE', ( #1345, #721, #740, #901 ) ) ;
#854 = DIRECTION ( 'NONE',  ( 0.0000000000000000000, 1.000000000000000000, 0.0000000000000000000 ) ) ;
#855 = ORIENTED_EDGE ( 'NONE', *, *, #1113, .T. ) ;
#856 = CIRCLE ( 'NONE', #320, 0.5000000000000004400 ) ;
#857 = AXIS2_PLACEMENT_3D ( 'NONE', #1156, #1162, #1150 ) ;
#858 = AXIS2_PLACEMENT_3D ( 'NONE', #1311, #582, #1434 ) ;
#859 = DIRECTION ( 'NONE',  ( 0.0000000000000000000, 0.0000000000000000000, 1.000000000000000000 ) ) ;
#860 = ORIENTED_EDGE ( 'NONE', *, *, #172, .F. ) ;
#861 = EDGE_LOOP ( 'NONE', ( #1283, #1145, #1015, #881 ) ) ;
#862 = EDGE_LOOP ( 'NONE', ( #1084, #798, #1080, #760 ) ) ;
#863 = EDGE_LOOP ( 'NONE', ( #865, #668, #1478, #1308, #1275, #469, #1285, #1465, #852, #918, #890, #1274, #1483, #221, #1071, #906, #1034, #830, #1254, #1395, #100, #1455, #1190, #1351 ) ) ;
#864 = EDGE_CURVE ( 'NONE', #950, #711, #127, .T. ) ;
#865 = ORIENTED_EDGE ( 'NONE', *, *, #497, .F. ) ;
#866 = ORIENTED_EDGE ( 'NONE', *, *, #646, .T. ) ;
#867 = ADVANCED_FACE ( 'NONE', ( #874 ), #516, .T. ) ;
#868 = ORIENTED_EDGE ( 'NONE', *, *, #494, .T. ) ;
#869 = CARTESIAN_POINT ( 'NONE',  ( -50.38578643762690500, 10.58578643762690100, 2.750900961237023800E-015 ) ) ;
#870 = VERTEX_POINT ( 'NONE', #1406 ) ;
#871 = DIRECTION ( 'NONE',  ( 0.0000000000000000000, 0.0000000000000000000, 1.000000000000000000 ) ) ;
#872 = DIRECTION ( 'NONE',  ( 0.0000000000000000000, 0.0000000000000000000, 1.000000000000000000 ) ) ;
#873 = EDGE_CURVE ( 'NONE', #1360, #1270, #1411, .T. ) ;
#874 = FACE_OUTER_BOUND ( 'NONE', #589, .T. ) ;
#875 = CARTESIAN_POINT ( 'NONE',  ( -13.00000000000000500, 0.0000000000000000000, 0.0000000000000000000 ) ) ;
#876 = CARTESIAN_POINT ( 'NONE',  ( -48.25999999999982000, -5.500000000000000000, -4.579999999999673200 ) ) ;
#877 = AXIS2_PLACEMENT_3D ( 'NONE', #310, #1032, #318 ) ;
#878 = AXIS2_PLACEMENT_3D ( 'NONE', #1471, #741, #14 ) ;
#879 = DIRECTION ( 'NONE',  ( 0.0000000000000000000, 0.0000000000000000000, -1.000000000000000000 ) ) ;
#880 = DIRECTION ( 'NONE',  ( 0.0000000000000000000, -0.0000000000000000000, 1.000000000000000000 ) ) ;
#881 = ORIENTED_EDGE ( 'NONE', *, *, #513, .F. ) ;
#882 = ORIENTED_EDGE ( 'NONE', *, *, #957, .T. ) ;
#883 = ADVANCED_FACE ( 'NONE', ( #1090 ), #1120, .T. ) ;
#884 = CARTESIAN_POINT ( 'NONE',  ( -41.39999999999999900, 0.5000000000000000000, -23.99999999999999300 ) ) ;
#885 = ORIENTED_EDGE ( 'NONE', *, *, #887, .T. ) ;
#886 = CARTESIAN_POINT ( 'NONE',  ( -2.540000000000000000, -5.500000000000000000, -22.85999999999999200 ) ) ;
#887 = EDGE_CURVE ( 'NONE', #1333, #1175, #200, .T. ) ;
#888 = AXIS2_PLACEMENT_3D ( 'NONE', #1387, #180, #1018 ) ;
#889 = VERTEX_POINT ( 'NONE', #327 ) ;
#890 = ORIENTED_EDGE ( 'NONE', *, *, #1225, .F. ) ;
#891 = CARTESIAN_POINT ( 'NONE',  ( -2.539999999999787300, -5.500000000000000000, -2.539999999999990300 ) ) ;
#892 = CYLINDRICAL_SURFACE ( 'NONE', #747, 0.4999999999999987200 ) ;
#893 = DIRECTION ( 'NONE',  ( 0.0000000000000000000, 0.0000000000000000000, 1.000000000000000000 ) ) ;
#894 = CIRCLE ( 'NONE', #706, 0.4999999999999991700 ) ;
#895 = ADVANCED_FACE ( 'NONE', ( #764 ), #488, .T. ) ;
#896 = PLANE ( 'NONE',  #746 ) ;
#897 = LINE ( 'NONE', #489, #1543 ) ;
#898 = EDGE_CURVE ( 'NONE', #1134, #1217, #159, .T. ) ;
#899 = PLANE ( 'NONE',  #888 ) ;
#900 = CARTESIAN_POINT ( 'NONE',  ( -37.79999999999999700, 11.00000000000000000, 4.629164900776995200E-015 ) ) ;
#901 = ORIENTED_EDGE ( 'NONE', *, *, #1064, .T. ) ;
#902 = ORIENTED_EDGE ( 'NONE', *, *, #1069, .F. ) ;
#903 = CARTESIAN_POINT ( 'NONE',  ( 0.0000000000000000000, 9.999999999999998200, -0.9999999999999992200 ) ) ;
#904 = ORIENTED_EDGE ( 'NONE', *, *, #3, .T. ) ;
#905 = ORIENTED_EDGE ( 'NONE', *, *, #61, .F. ) ;
#906 = ORIENTED_EDGE ( 'NONE', *, *, #1205, .F. ) ;
#907 = CARTESIAN_POINT ( 'NONE',  ( -0.4142135623730949800, 10.58578643762690200, 4.485624437213830500E-015 ) ) ;
#908 = PLANE ( 'NONE',  #1384 ) ;
#909 = ORIENTED_EDGE ( 'NONE', *, *, #1282, .T. ) ;
#910 = AXIS2_PLACEMENT_3D ( 'NONE', #403, #170, #165 ) ;
#911 = ADVANCED_FACE ( 'NONE', ( #389 ), #762, .T. ) ;
#912 = DIRECTION ( 'NONE',  ( -0.0000000000000000000, -1.000000000000000000, -0.0000000000000000000 ) ) ;
#913 = PLANE ( 'NONE',  #1105 ) ;
#914 = DIRECTION ( 'NONE',  ( 0.0000000000000000000, 1.000000000000000000, 0.0000000000000000000 ) ) ;
#915 = DIRECTION ( 'NONE',  ( -1.000000000000000000, 0.0000000000000000000, 0.0000000000000000000 ) ) ;
#916 = DIRECTION ( 'NONE',  ( 1.000000000000000000, 0.0000000000000000000, -0.0000000000000000000 ) ) ;
#917 = EDGE_CURVE ( 'NONE', #1192, #81, #1410, .T. ) ;
#918 = ORIENTED_EDGE ( 'NONE', *, *, #887, .F. ) ;
#919 = ORIENTED_EDGE ( 'NONE', *, *, #1520, .F. ) ;
#920 = CARTESIAN_POINT ( 'NONE',  ( -41.39999999999999900, 11.00000000000000000, -25.39999999999999100 ) ) ;
#921 = DIRECTION ( 'NONE',  ( 0.0000000000000000000, -1.000000000000000000, 0.0000000000000000000 ) ) ;
#922 = DIRECTION ( 'NONE',  ( -1.000000000000000000, -0.0000000000000000000, 0.0000000000000000000 ) ) ;
#923 = EDGE_CURVE ( 'NONE', #259, #1549, #802, .T. ) ;
#924 = DIRECTION ( 'NONE',  ( 9.637352644315598700E-016, -0.0000000000000000000, 1.000000000000000000 ) ) ;
#925 = ORIENTED_EDGE ( 'NONE', *, *, #1358, .T. ) ;
#926 = CARTESIAN_POINT ( 'NONE',  ( -13.00000000000000400, 0.5000000000000000000, -23.99999999999999600 ) ) ;
#927 = VERTEX_POINT ( 'NONE', #215 ) ;
#928 = CARTESIAN_POINT ( 'NONE',  ( -41.39999999999999900, 0.0000000000000000000, 0.0000000000000000000 ) ) ;
#929 = AXIS2_PLACEMENT_3D ( 'NONE', #452, #1422, #337 ) ;
#930 = VECTOR ( 'NONE', #331, 1000.000000000000000 ) ;
#931 = VECTOR ( 'NONE', #343, 1000.000000000000000 ) ;
#932 = DIRECTION ( 'NONE',  ( 0.0000000000000000000, 0.0000000000000000000, -1.000000000000000000 ) ) ;
#933 = CARTESIAN_POINT ( 'NONE',  ( -2.540000000000000000, -5.500000000000000000, -22.85999999999999200 ) ) ;
#934 = FACE_OUTER_BOUND ( 'NONE', #1243, .T. ) ;
#935 = CARTESIAN_POINT ( 'NONE',  ( -49.79999999999999700, 9.999999999999998200, 6.085136612836321700E-015 ) ) ;
#936 = CARTESIAN_POINT ( 'NONE',  ( 0.0000000000000000000, 9.999999999999998200, -24.39999999999999900 ) ) ;
#937 = CARTESIAN_POINT ( 'NONE',  ( -48.25999999999986300, -5.500000000000000000, -10.15999999999967200 ) ) ;
#938 = CARTESIAN_POINT ( 'NONE',  ( -50.79999999999999700, 10.58578643762690200, -24.39999999999999500 ) ) ;
#939 = ORIENTED_EDGE ( 'NONE', *, *, #547, .T. ) ;
#940 = AXIS2_PLACEMENT_3D ( 'NONE', #1287, #921, #1167 ) ;
#941 = ORIENTED_EDGE ( 'NONE', *, *, #409, .T. ) ;
#942 = AXIS2_PLACEMENT_3D ( 'NONE', #1036, #321, #1158 ) ;
#943 = ORIENTED_EDGE ( 'NONE', *, *, #34, .T. ) ;
#944 = VERTEX_POINT ( 'NONE', #456 ) ;
#945 = CARTESIAN_POINT ( 'NONE',  ( -48.25999999999986300, -5.500000000000000000, -9.659999999999671500 ) ) ;
#946 = CARTESIAN_POINT ( 'NONE',  ( -1.000000000000000000, 10.58578643762690400, -25.39999999999999900 ) ) ;
#947 = DIRECTION ( 'NONE',  ( 0.0000000000000000000, 0.0000000000000000000, 1.000000000000000000 ) ) ;
#948 = DIRECTION ( 'NONE',  ( -1.000000000000000000, 0.0000000000000000000, 1.224646799147353200E-016 ) ) ;
#949 = EDGE_LOOP ( 'NONE', ( #1081, #1228, #966, #720 ) ) ;
#950 = VERTEX_POINT ( 'NONE', #695 ) ;
#951 = ORIENTED_EDGE ( 'NONE', *, *, #705, .T. ) ;
#952 = EDGE_LOOP ( 'NONE', ( #665, #781, #800, #817 ) ) ;
#953 = EDGE_CURVE ( 'NONE', #1346, #792, #1322, .T. ) ;
#954 = DIRECTION ( 'NONE',  ( -0.0000000000000000000, -1.000000000000000000, -0.0000000000000000000 ) ) ;
#955 = APPLICATION_CONTEXT ( 'automotive_design' ) ;
#956 = CARTESIAN_POINT ( 'NONE',  ( -37.79999999999999700, 0.5000000000000000000, -1.399999999999995000 ) ) ;
#957 = EDGE_CURVE ( 'NONE', #1549, #944, #450, .T. ) ;
#958 = CARTESIAN_POINT ( 'NONE',  ( -2.539999999999893900, 0.0000000000000000000, -12.69999999999999000 ) ) ;
#959 = CARTESIAN_POINT ( 'NONE',  ( -48.25999999999997000, -5.500000000000000000, -20.31999999999967300 ) ) ;
#960 = ORIENTED_EDGE ( 'NONE', *, *, #809, .T. ) ;
#961 = ORIENTED_EDGE ( 'NONE', *, *, #980, .F. ) ;
#962 = AXIS2_PLACEMENT_3D ( 'NONE', #1337, #8, #849 ) ;
#963 = DIRECTION ( 'NONE',  ( 0.0000000000000000000, 1.000000000000000000, 0.0000000000000000000 ) ) ;
#964 = EDGE_LOOP ( 'NONE', ( #443, #1087, #9, #994 ) ) ;
#965 = DIRECTION ( 'NONE',  ( 1.000000000000000000, 0.0000000000000000000, -1.156482317317870300E-015 ) ) ;
#966 = ORIENTED_EDGE ( 'NONE', *, *, #536, .T. ) ;
#967 = VERTEX_POINT ( 'NONE', #819 ) ;
#968 = ORIENTED_EDGE ( 'NONE', *, *, #1056, .T. ) ;
#969 = DIRECTION ( 'NONE',  ( 0.0000000000000000000, 0.0000000000000000000, 1.000000000000000000 ) ) ;
#970 = CIRCLE ( 'NONE', #359, 1.000000000000000900 ) ;
#971 = CARTESIAN_POINT ( 'NONE',  ( -1.224646799147353200E-016, 9.999999999999998200, -1.000000000000000000 ) ) ;
#972 = VECTOR ( 'NONE', #780, 1000.000000000000000 ) ;
#973 = EDGE_CURVE ( 'NONE', #977, #1110, #1050, .T. ) ;
#974 = FACE_OUTER_BOUND ( 'NONE', #979, .T. ) ;
#975 = DIRECTION ( 'NONE',  ( 0.0000000000000000000, 0.0000000000000000000, 1.000000000000000000 ) ) ;
#976 = EDGE_CURVE ( 'NONE', #927, #1364, #67, .T. ) ;
#977 = VERTEX_POINT ( 'NONE', #1183 ) ;
#978 = ORIENTED_EDGE ( 'NONE', *, *, #797, .T. ) ;
#979 = EDGE_LOOP ( 'NONE', ( #353, #981, #1148, #941 ) ) ;
#980 = EDGE_CURVE ( 'NONE', #1083, #1354, #432, .T. ) ;
#981 = ORIENTED_EDGE ( 'NONE', *, *, #1495, .T. ) ;
#982 = EDGE_LOOP ( 'NONE', ( #968, #985, #999, #1002 ) ) ;
#983 = CARTESIAN_POINT ( 'NONE',  ( -48.25999999999997000, -5.500000000000000000, -19.81999999999967300 ) ) ;
#984 = ORIENTED_EDGE ( 'NONE', *, *, #1164, .F. ) ;
#985 = ORIENTED_EDGE ( 'NONE', *, *, #1469, .T. ) ;
#986 = CARTESIAN_POINT ( 'NONE',  ( -49.79999999999999700, 10.99999999999999600, -0.9999999999999940000 ) ) ;
#987 = FACE_OUTER_BOUND ( 'NONE', #757, .T. ) ;
#988 = CARTESIAN_POINT ( 'NONE',  ( 0.0000000000000000000, 0.0000000000000000000, 6.098637220230962400E-015 ) ) ;
#989 = DIRECTION ( 'NONE',  ( 0.0000000000000000000, 1.000000000000000000, 0.0000000000000000000 ) ) ;
#990 = CARTESIAN_POINT ( 'NONE',  ( -50.79999999999999700, 10.58578643762690400, -0.9999999999999937800 ) ) ;
#991 = DIRECTION ( 'NONE',  ( 0.0000000000000000000, -0.0000000000000000000, -1.000000000000000000 ) ) ;
#992 = CARTESIAN_POINT ( 'NONE',  ( -2.539999999999787300, -5.500000000000000000, -2.539999999999990300 ) ) ;
#993 = ORIENTED_EDGE ( 'NONE', *, *, #82, .T. ) ;
#994 = ORIENTED_EDGE ( 'NONE', *, *, #739, .T. ) ;
#995 = ORIENTED_EDGE ( 'NONE', *, *, #626, .T. ) ;
#996 = CARTESIAN_POINT ( 'NONE',  ( -9.400000000000002100, 0.0000000000000000000, 4.449480810553478700E-015 ) ) ;
#997 = EDGE_CURVE ( 'NONE', #1497, #1466, #108, .T. ) ;
#998 = PLANE ( 'NONE',  #590 ) ;
#999 = ORIENTED_EDGE ( 'NONE', *, *, #380, .T. ) ;
#1000 = EDGE_LOOP ( 'NONE', ( #939, #773, #544, #1443 ) ) ;
#1001 = CARTESIAN_POINT ( 'NONE',  ( -49.79999999999999700, 9.999999999999998200, 0.0000000000000000000 ) ) ;
#1002 = ORIENTED_EDGE ( 'NONE', *, *, #633, .T. ) ;
#1003 = DIRECTION ( 'NONE',  ( -1.000000000000000000, 0.0000000000000000000, 1.224646799147353200E-016 ) ) ;
#1004 = EDGE_CURVE ( 'NONE', #1210, #684, #1005, .T. ) ;
#1005 = LINE ( 'NONE', #945, #1336 ) ;
#1006 = DIRECTION ( 'NONE',  ( 0.0000000000000000000, 1.000000000000000000, -0.0000000000000000000 ) ) ;
#1007 = CYLINDRICAL_SURFACE ( 'NONE', #1400, 0.5000000000000004400 ) ;
#1008 = DIRECTION ( 'NONE',  ( 0.0000000000000000000, 0.0000000000000000000, 1.000000000000000000 ) ) ;
#1009 = CARTESIAN_POINT ( 'NONE',  ( 0.0000000000000000000, 0.0000000000000000000, -25.39999999999999900 ) ) ;
#1010 =( GEOMETRIC_REPRESENTATION_CONTEXT ( 3 ) GLOBAL_UNCERTAINTY_ASSIGNED_CONTEXT ( ( #602 ) ) GLOBAL_UNIT_ASSIGNED_CONTEXT ( ( #1441, #714, #1557 ) ) REPRESENTATION_CONTEXT ( 'NONE', 'WORKASPACE' ) );
#1011 = ADVANCED_FACE ( 'NONE', ( #44 ), #474, .F. ) ;
#1012 = DIRECTION ( 'NONE',  ( -0.0000000000000000000, -1.000000000000000000, -0.0000000000000000000 ) ) ;
#1013 = DIRECTION ( 'NONE',  ( 1.000000000000000000, -0.0000000000000000000, 0.0000000000000000000 ) ) ;
#1014 = EDGE_LOOP ( 'NONE', ( #105, #257 ) ) ;
#1015 = ORIENTED_EDGE ( 'NONE', *, *, #997, .T. ) ;
#1016 = DIRECTION ( 'NONE',  ( 0.0000000000000000000, 0.0000000000000000000, 1.000000000000000000 ) ) ;
#1017 = ORIENTED_EDGE ( 'NONE', *, *, #497, .T. ) ;
#1018 = DIRECTION ( 'NONE',  ( 0.0000000000000000000, -0.0000000000000000000, 1.000000000000000000 ) ) ;
#1019 = ORIENTED_EDGE ( 'NONE', *, *, #61, .T. ) ;
#1020 = DIRECTION ( 'NONE',  ( 0.0000000000000000000, 1.000000000000000000, 0.0000000000000000000 ) ) ;
#1021 = AXIS2_PLACEMENT_3D ( 'NONE', #655, #1142, #426 ) ;
#1022 = DIRECTION ( 'NONE',  ( 0.0000000000000000000, 1.000000000000000000, 0.0000000000000000000 ) ) ;
#1023 = VERTEX_POINT ( 'NONE', #588 ) ;
#1024 = VERTEX_POINT ( 'NONE', #1556 ) ;
#1025 = DIRECTION ( 'NONE',  ( -0.0000000000000000000, -1.000000000000000000, -0.0000000000000000000 ) ) ;
#1026 = EDGE_LOOP ( 'NONE', ( #374, #555, #592, #727 ) ) ;
#1027 = LINE ( 'NONE', #735, #362 ) ;
#1028 = CARTESIAN_POINT ( 'NONE',  ( -1.000000000000000000, 11.00000000000000000, -0.9999999999999991100 ) ) ;
#1029 = CARTESIAN_POINT ( 'NONE',  ( -2.540000000000000000, 0.0000000000000000000, -23.35999999999999200 ) ) ;
#1030 = EDGE_CURVE ( 'NONE', #1077, #259, #125, .T. ) ;
#1031 = VERTEX_POINT ( 'NONE', #825 ) ;
#1032 = DIRECTION ( 'NONE',  ( -1.000000000000000000, 0.0000000000000000000, 0.0000000000000000000 ) ) ;
#1033 = ORIENTED_EDGE ( 'NONE', *, *, #1528, .F. ) ;
#1034 = ORIENTED_EDGE ( 'NONE', *, *, #917, .F. ) ;
#1035 = EDGE_CURVE ( 'NONE', #76, #1497, #692, .T. ) ;
#1036 = CARTESIAN_POINT ( 'NONE',  ( -2.540000000000000000, 0.0000000000000000000, -22.85999999999999200 ) ) ;
#1037 = CARTESIAN_POINT ( 'NONE',  ( -49.79999999999999700, 11.00000000000000000, 0.0000000000000000000 ) ) ;
#1038 = CARTESIAN_POINT ( 'NONE',  ( -50.79999999999999700, 11.00000000000000000, 6.221205739668553700E-015 ) ) ;
#1039 = CARTESIAN_POINT ( 'NONE',  ( -1.000000000000000000, 0.0000000000000000000, -25.39999999999999900 ) ) ;
#1040 = ORIENTED_EDGE ( 'NONE', *, *, #1119, .T. ) ;
#1041 = EDGE_LOOP ( 'NONE', ( #1227, #984 ) ) ;
#1042 = AXIS2_PLACEMENT_3D ( 'NONE', #1046, #329, #1166 ) ;
#1043 = AXIS2_PLACEMENT_3D ( 'NONE', #13, #854, #134 ) ;
#1044 = DIRECTION ( 'NONE',  ( 0.0000000000000000000, 0.0000000000000000000, 1.000000000000000000 ) ) ;
#1045 = CARTESIAN_POINT ( 'NONE',  ( -37.79999999999999700, 0.5000000000000000000, 0.1000000000000063300 ) ) ;
#1046 = CARTESIAN_POINT ( 'NONE',  ( -1.000000000000000000, 9.999999999999998200, -24.39999999999999900 ) ) ;
#1047 =( BOUNDED_SURFACE ( )  B_SPLINE_SURFACE ( 3, 3, ( 
 ( #986, #1235, #631, #1484 ),
 ( #750, #27, #869, #148 ),
 ( #990, #283, #1117, #395 ),
 ( #1240, #511, #1363, #634 ) ),
 .UNSPECIFIED., .F., .F., .F. ) 
 B_SPLINE_SURFACE_WITH_KNOTS ( ( 4, 4 ),
 ( 4, 4 ),
 ( 0.0000000000000000000, 1.000000000000000000 ),
 ( 0.0000000000000000000, 1.000000000000000000 ),
 .UNSPECIFIED. ) 
 GEOMETRIC_REPRESENTATION_ITEM ( )  RATIONAL_B_SPLINE_SURFACE ( (
 ( 1.000000000000000000, 0.8047378541243649400, 0.8047378541243649400, 1.000000000000000000),
 ( 0.8047378541243654900, 0.6476030138606880800, 0.6476030138606880800, 0.8047378541243654900),
 ( 0.8047378541243654900, 0.6476030138606880800, 0.6476030138606880800, 0.8047378541243654900),
 ( 1.000000000000000000, 0.8047378541243649400, 0.8047378541243649400, 1.000000000000000000) ) ) 
 REPRESENTATION_ITEM ( '' )  SURFACE ( )  );
#1048 = CARTESIAN_POINT ( 'NONE',  ( -48.25999999999986300, 0.0000000000000000000, -10.65999999999967000 ) ) ;
#1049 = CARTESIAN_POINT ( 'NONE',  ( -2.539999999999787300, 0.0000000000000000000, -3.039999999999989400 ) ) ;
#1050 = LINE ( 'NONE', #96, #406 ) ;
#1051 = CYLINDRICAL_SURFACE ( 'NONE', #929, 0.4999999999999987200 ) ;
#1052 = LINE ( 'NONE', #1313, #87 ) ;
#1053 = CARTESIAN_POINT ( 'NONE',  ( -49.79999999999999700, 9.999999999999998200, -0.9999999999999940000 ) ) ;
#1054 = CARTESIAN_POINT ( 'NONE',  ( -41.39999999999999900, 0.5000000000000000000, -1.399999999999995000 ) ) ;
#1055 = CARTESIAN_POINT ( 'NONE',  ( -9.400000000000002100, 0.0000000000000000000, -25.39999999999999500 ) ) ;
#1056 = EDGE_CURVE ( 'NONE', #1128, #1023, #376, .T. ) ;
#1057 = CARTESIAN_POINT ( 'NONE',  ( -49.79999999999999700, 0.0000000000000000000, -24.39999999999999100 ) ) ;
#1058 = AXIS2_PLACEMENT_3D ( 'NONE', #667, #1518, #788 ) ;
#1059 = ORIENTED_EDGE ( 'NONE', *, *, #202, .F. ) ;
#1060 = CARTESIAN_POINT ( 'NONE',  ( -2.539999999999893900, -5.500000000000000000, -13.19999999999998900 ) ) ;
#1061 = CARTESIAN_POINT ( 'NONE',  ( -48.25999999999986300, -5.500000000000000000, -10.65999999999967000 ) ) ;
#1062 = DIRECTION ( 'NONE',  ( 0.0000000000000000000, -0.0000000000000000000, 1.000000000000000000 ) ) ;
#1063 = EDGE_LOOP ( 'NONE', ( #978, #845, #1421, #1245 ) ) ;
#1064 = EDGE_CURVE ( 'NONE', #1485, #247, #730, .T. ) ;
#1065 = VERTEX_POINT ( 'NONE', #1039 ) ;
#1066 = CARTESIAN_POINT ( 'NONE',  ( 0.0000000000000000000, 9.999999999999992900, -24.39999999999999900 ) ) ;
#1067 = ORIENTED_EDGE ( 'NONE', *, *, #1528, .T. ) ;
#1068 = CARTESIAN_POINT ( 'NONE',  ( -50.79999999999999700, 9.999999999999998200, -0.9999999999999940000 ) ) ;
#1069 = EDGE_CURVE ( 'NONE', #1083, #102, #970, .T. ) ;
#1070 = CARTESIAN_POINT ( 'NONE',  ( -50.79999999999999700, 9.999999999999998200, -24.39999999999999500 ) ) ;
#1071 = ORIENTED_EDGE ( 'NONE', *, *, #1244, .F. ) ;
#1072 = VECTOR ( 'NONE', #97, 1000.000000000000000 ) ;
#1073 = CARTESIAN_POINT ( 'NONE',  ( -48.25999999999982000, 0.0000000000000000000, -5.079999999999671400 ) ) ;
#1074 = CARTESIAN_POINT ( 'NONE',  ( -1.000000000000000000, 10.99999999999999800, -24.39999999999999900 ) ) ;
#1075 = FILL_AREA_STYLE_COLOUR ( '', #596 ) ;
#1076 = DIRECTION ( 'NONE',  ( -0.0000000000000000000, 1.000000000000000000, -0.0000000000000000000 ) ) ;
#1077 = VERTEX_POINT ( 'NONE', #75 ) ;
#1078 = AXIS2_PLACEMENT_3D ( 'NONE', #175, #52, #47 ) ;
#1079 = ORIENTED_EDGE ( 'NONE', *, *, #301, .F. ) ;
#1080 = ORIENTED_EDGE ( 'NONE', *, *, #547, .F. ) ;
#1081 = ORIENTED_EDGE ( 'NONE', *, *, #767, .T. ) ;
#1082 = ORIENTED_EDGE ( 'NONE', *, *, #285, .F. ) ;
#1083 = VERTEX_POINT ( 'NONE', #323 ) ;
#1084 = ORIENTED_EDGE ( 'NONE', *, *, #601, .T. ) ;
#1085 = DIRECTION ( 'NONE',  ( 0.0000000000000000000, 1.000000000000000000, 0.0000000000000000000 ) ) ;
#1086 = DIRECTION ( 'NONE',  ( 0.0000000000000000000, 0.0000000000000000000, 1.000000000000000000 ) ) ;
#1087 = ORIENTED_EDGE ( 'NONE', *, *, #1119, .F. ) ;
#1088 = EDGE_CURVE ( 'NONE', #1101, #791, #1297, .T. ) ;
#1089 = VECTOR ( 'NONE', #1536, 1000.000000000000000 ) ;
#1090 = FACE_OUTER_BOUND ( 'NONE', #612, .T. ) ;
#1091 = CARTESIAN_POINT ( 'NONE',  ( -48.25999999999982000, -5.500000000000000000, -5.079999999999671400 ) ) ;
#1092 = FACE_BOUND ( 'NONE', #1348, .T. ) ;
#1093 = CARTESIAN_POINT ( 'NONE',  ( -2.540000000000000000, -5.500000000000000000, -22.85999999999999200 ) ) ;
#1094 = PLANE ( 'NONE',  #962 ) ;
#1095 = EDGE_CURVE ( 'NONE', #102, #529, #1255, .T. ) ;
#1096 = DIRECTION ( 'NONE',  ( -1.000000000000000000, 0.0000000000000000000, 1.224646799147353200E-016 ) ) ;
#1097 = EDGE_LOOP ( 'NONE', ( #1112, #1349, #1317, #1552 ) ) ;
#1098 = ORIENTED_EDGE ( 'NONE', *, *, #1282, .F. ) ;
#1099 = VERTEX_POINT ( 'NONE', #1049 ) ;
#1100 = DIRECTION ( 'NONE',  ( -0.0000000000000000000, -0.0000000000000000000, 1.000000000000000000 ) ) ;
#1101 = VERTEX_POINT ( 'NONE', #454 ) ;
#1102 = ORIENTED_EDGE ( 'NONE', *, *, #953, .F. ) ;
#1103 = ADVANCED_FACE ( 'NONE', ( #614 ), #805, .F. ) ;
#1104 = LINE ( 'NONE', #25, #784 ) ;
#1105 = AXIS2_PLACEMENT_3D ( 'NONE', #1526, #915, #795 ) ;
#1106 = AXIS2_PLACEMENT_3D ( 'NONE', #1053, #335, #1171 ) ;
#1107 = DIRECTION ( 'NONE',  ( -0.0000000000000000000, -1.000000000000000000, -0.0000000000000000000 ) ) ;
#1108 = ADVANCED_FACE ( 'NONE', ( #339 ), #892, .T. ) ;
#1109 = VECTOR ( 'NONE', #765, 1000.000000000000000 ) ;
#1110 = VERTEX_POINT ( 'NONE', #213 ) ;
#1111 = DIRECTION ( 'NONE',  ( 0.0000000000000000000, 1.000000000000000000, 0.0000000000000000000 ) ) ;
#1112 = ORIENTED_EDGE ( 'NONE', *, *, #1332, .T. ) ;
#1113 = EDGE_CURVE ( 'NONE', #529, #1266, #1540, .T. ) ;
#1114 = ORIENTED_EDGE ( 'NONE', *, *, #569, .T. ) ;
#1115 = CARTESIAN_POINT ( 'NONE',  ( -48.25999999999986300, -5.500000000000000000, -10.15999999999967200 ) ) ;
#1116 = ORIENTED_EDGE ( 'NONE', *, *, #442, .F. ) ;
#1117 = CARTESIAN_POINT ( 'NONE',  ( -50.79999999999999700, 10.34314575050761900, -0.4142135623730881000 ) ) ;
#1118 = ORIENTED_EDGE ( 'NONE', *, *, #864, .T. ) ;
#1119 = EDGE_CURVE ( 'NONE', #1370, #501, #1221, .T. ) ;
#1120 = CYLINDRICAL_SURFACE ( 'NONE', #1268, 0.5000000000000004400 ) ;
#1121 = AXIS2_PLACEMENT_3D ( 'NONE', #440, #1280, #1155 ) ;
#1122 = FACE_BOUND ( 'NONE', #1394, .T. ) ;
#1123 = AXIS2_PLACEMENT_3D ( 'NONE', #971, #1096, #130 ) ;
#1124 = CARTESIAN_POINT ( 'NONE',  ( -13.00000000000000500, 0.5000000000000000000, 0.1000000000000028600 ) ) ;
#1125 = CARTESIAN_POINT ( 'NONE',  ( 0.0000000000000000000, 11.00000000000000000, -24.39999999999999900 ) ) ;
#1126 = DIRECTION ( 'NONE',  ( -1.000000000000000000, 0.0000000000000000000, 1.224646799147353200E-016 ) ) ;
#1127 = ORIENTED_EDGE ( 'NONE', *, *, #260, .F. ) ;
#1128 = VERTEX_POINT ( 'NONE', #1539 ) ;
#1129 = ORIENTED_EDGE ( 'NONE', *, *, #1279, .T. ) ;
#1130 = DIRECTION ( 'NONE',  ( 0.0000000000000000000, -1.000000000000000000, 0.0000000000000000000 ) ) ;
#1131 = EDGE_CURVE ( 'NONE', #1031, #707, #1524, .T. ) ;
#1132 = ADVANCED_FACE ( 'NONE', ( #288 ), #768, .T. ) ;
#1133 = AXIS2_PLACEMENT_3D ( 'NONE', #1139, #786, #59 ) ;
#1134 = VERTEX_POINT ( 'NONE', #935 ) ;
#1135 = DIRECTION ( 'NONE',  ( -0.0000000000000000000, -0.0000000000000000000, 1.000000000000000000 ) ) ;
#1136 = VERTEX_POINT ( 'NONE', #710 ) ;
#1137 = ORIENTED_EDGE ( 'NONE', *, *, #255, .F. ) ;
#1138 = LINE ( 'NONE', #988, #1472 ) ;
#1139 = CARTESIAN_POINT ( 'NONE',  ( 0.0000000000000000000, 0.5000000000000000000, 0.0000000000000000000 ) ) ;
#1140 = FACE_OUTER_BOUND ( 'NONE', #861, .T. ) ;
#1141 = EDGE_CURVE ( 'NONE', #444, #1531, #1493, .T. ) ;
#1142 = DIRECTION ( 'NONE',  ( 0.0000000000000000000, 1.000000000000000000, 0.0000000000000000000 ) ) ;
#1143 = CARTESIAN_POINT ( 'NONE',  ( -2.539999999999893900, 0.0000000000000000000, -12.69999999999999000 ) ) ;
#1144 = CARTESIAN_POINT ( 'NONE',  ( 0.0000000000000000000, 9.999999999999998200, -0.9999999999999991100 ) ) ;
#1145 = ORIENTED_EDGE ( 'NONE', *, *, #1035, .T. ) ;
#1146 = ORIENTED_EDGE ( 'NONE', *, *, #476, .F. ) ;
#1147 = EDGE_LOOP ( 'NONE', ( #101, #136, #174, #193 ) ) ;
#1148 = ORIENTED_EDGE ( 'NONE', *, *, #232, .T. ) ;
#1149 = CARTESIAN_POINT ( 'NONE',  ( -1.000000000000000000, 10.58578643762690400, 2.750900961237022300E-015 ) ) ;
#1150 = DIRECTION ( 'NONE',  ( 0.0000000000000000000, 0.0000000000000000000, -1.000000000000000000 ) ) ;
#1151 = CARTESIAN_POINT ( 'NONE',  ( -41.39999999999999900, 0.5000000000000000000, 0.1000000000000063300 ) ) ;
#1152 = AXIS2_PLACEMENT_3D ( 'NONE', #958, #954, #848 ) ;
#1153 = EDGE_LOOP ( 'NONE', ( #1231, #1234, #1252, #1273 ) ) ;
#1154 = VERTEX_POINT ( 'NONE', #234 ) ;
#1155 = DIRECTION ( 'NONE',  ( 0.0000000000000000000, 0.0000000000000000000, 1.000000000000000000 ) ) ;
#1156 = CARTESIAN_POINT ( 'NONE',  ( -1.000000000000000000, 9.999999999999998200, -24.39999999999999900 ) ) ;
#1157 = CARTESIAN_POINT ( 'NONE',  ( -49.79999999999999700, 0.0000000000000000000, -0.9999999999999940000 ) ) ;
#1158 = DIRECTION ( 'NONE',  ( 0.0000000000000000000, 0.0000000000000000000, 1.000000000000000000 ) ) ;
#1159 = CIRCLE ( 'NONE', #505, 0.5000000000000004400 ) ;
#1160 = DIRECTION ( 'NONE',  ( 1.000000000000000000, -0.0000000000000000000, -1.224646799147353200E-016 ) ) ;
#1161 =( BOUNDED_SURFACE ( )  B_SPLINE_SURFACE ( 3, 3, ( 
 ( #1144, #903, #430, #1271 ),
 ( #545, #1393, #666, #1517 ),
 ( #787, #65, #907, #189 ),
 ( #1028, #314, #1149, #433 ) ),
 .UNSPECIFIED., .F., .F., .F. ) 
 B_SPLINE_SURFACE_WITH_KNOTS ( ( 4, 4 ),
 ( 4, 4 ),
 ( 0.0000000000000000000, 1.000000000000000000 ),
 ( 0.0000000000000000000, 1.000000000000000000 ),
 .UNSPECIFIED. ) 
 GEOMETRIC_REPRESENTATION_ITEM ( )  RATIONAL_B_SPLINE_SURFACE ( (
 ( 1.000000000000000000, 0.8047378541243649400, 0.8047378541243649400, 1.000000000000000000),
 ( 0.8047378541243649400, 0.6476030138606876400, 0.6476030138606876400, 0.8047378541243649400),
 ( 0.8047378541243649400, 0.6476030138606876400, 0.6476030138606876400, 0.8047378541243649400),
 ( 1.000000000000000000, 0.8047378541243649400, 0.8047378541243649400, 1.000000000000000000) ) ) 
 REPRESENTATION_ITEM ( '' )  SURFACE ( )  );
#1162 = DIRECTION ( 'NONE',  ( 0.0000000000000000000, -1.000000000000000000, 0.0000000000000000000 ) ) ;
#1163 = DIRECTION ( 'NONE',  ( 0.0000000000000000000, 0.0000000000000000000, 1.000000000000000000 ) ) ;
#1164 = EDGE_CURVE ( 'NONE', #1364, #927, #1159, .T. ) ;
#1165 = DIRECTION ( 'NONE',  ( 0.0000000000000000000, 0.0000000000000000000, -1.000000000000000000 ) ) ;
#1166 = DIRECTION ( 'NONE',  ( 1.000000000000000000, 0.0000000000000000000, 0.0000000000000000000 ) ) ;
#1167 = DIRECTION ( 'NONE',  ( 0.0000000000000000000, 0.0000000000000000000, -1.000000000000000000 ) ) ;
#1168 = VERTEX_POINT ( 'NONE', #106 ) ;
#1169 = VERTEX_POINT ( 'NONE', #1555 ) ;
#1170 = EDGE_CURVE ( 'NONE', #816, #1370, #518, .T. ) ;
#1171 = DIRECTION ( 'NONE',  ( 0.0000000000000000000, 0.0000000000000000000, -1.000000000000000000 ) ) ;
#1172 = CARTESIAN_POINT ( 'NONE',  ( -41.39999999999999900, 0.0000000000000000000, -25.39999999999999500 ) ) ;
#1173 = EDGE_LOOP ( 'NONE', ( #158, #176, #196 ) ) ;
#1174 = DIRECTION ( 'NONE',  ( -0.0000000000000000000, 1.000000000000000000, -0.0000000000000000000 ) ) ;
#1175 = VERTEX_POINT ( 'NONE', #572 ) ;
#1176 = PRODUCT_DEFINITION_CONTEXT ( 'detailed design', #955, 'design' ) ;
#1177 = ORIENTED_EDGE ( 'NONE', *, *, #141, .T. ) ;
#1178 = ORIENTED_EDGE ( 'NONE', *, *, #520, .T. ) ;
#1179 = DIRECTION ( 'NONE',  ( 0.0000000000000000000, 0.0000000000000000000, 1.000000000000000000 ) ) ;
#1180 = CARTESIAN_POINT ( 'NONE',  ( -49.79999999999999000, 10.99999999999999800, -24.98578643762689200 ) ) ;
#1181 = CIRCLE ( 'NONE', #43, 0.4999999999999991700 ) ;
#1182 = VECTOR ( 'NONE', #483, 1000.000000000000000 ) ;
#1183 = CARTESIAN_POINT ( 'NONE',  ( -2.539999999999787300, -5.500000000000000000, -2.039999999999991200 ) ) ;
#1184 = PRODUCT ( 'ten50wi', 'ten50wi', '', ( #113 ) ) ;
#1185 = CARTESIAN_POINT ( 'NONE',  ( 0.0000000000000000000, 9.999999999999998200, -24.98578643762690600 ) ) ;
#1186 = DIRECTION ( 'NONE',  ( 0.0000000000000000000, 1.000000000000000000, 0.0000000000000000000 ) ) ;
#1187 = CARTESIAN_POINT ( 'NONE',  ( -50.79999999999999700, 9.999999999999996400, -24.39999999999999100 ) ) ;
#1188 = AXIS2_PLACEMENT_3D ( 'NONE', #1057, #1174, #411 ) ;
#1189 = AXIS2_PLACEMENT_3D ( 'NONE', #799, #914, #445 ) ;
#1190 = ORIENTED_EDGE ( 'NONE', *, *, #365, .F. ) ;
#1191 = DIRECTION ( 'NONE',  ( 0.0000000000000000000, 0.0000000000000000000, 1.000000000000000000 ) ) ;
#1192 = VERTEX_POINT ( 'NONE', #1538 ) ;
#1193 = CARTESIAN_POINT ( 'NONE',  ( -1.000000000000000000, 11.00000000000000000, -0.9999999999999997800 ) ) ;
#1194 = ORIENTED_EDGE ( 'NONE', *, *, #1367, .F. ) ;
#1195 = ADVANCED_FACE ( 'NONE', ( #843, #1355, #251, #560, #1460, #1122, #1092 ), #1423, .F. ) ;
#1196 = ORIENTED_EDGE ( 'NONE', *, *, #135, .T. ) ;
#1197 = EDGE_LOOP ( 'NONE', ( #1233, #1248, #280, #1330 ) ) ;
#1198 = SURFACE_SIDE_STYLE ('',( #745 ) ) ;
#1199 = CARTESIAN_POINT ( 'NONE',  ( -41.39999999999999900, 0.5000000000000000000, -1.399999999999995000 ) ) ;
#1200 = EDGE_CURVE ( 'NONE', #486, #1175, #490, .T. ) ;
#1201 = EDGE_LOOP ( 'NONE', ( #1432, #1452, #1470, #296 ) ) ;
#1202 = LINE ( 'NONE', #1415, #388 ) ;
#1203 = LINE ( 'NONE', #900, #972 ) ;
#1204 = VECTOR ( 'NONE', #220, 1000.000000000000000 ) ;
#1205 = EDGE_CURVE ( 'NONE', #81, #1327, #804, .T. ) ;
#1206 = ADVANCED_FACE ( 'NONE', ( #162 ), #1007, .T. ) ;
#1207 = AXIS2_PLACEMENT_3D ( 'NONE', #1242, #517, #1368 ) ;
#1208 = AXIS2_PLACEMENT_3D ( 'NONE', #744, #19, #859 ) ;
#1209 = ORIENTED_EDGE ( 'NONE', *, *, #719, .T. ) ;
#1210 = VERTEX_POINT ( 'NONE', #226 ) ;
#1211 = DIRECTION ( 'NONE',  ( 0.0000000000000000000, 0.0000000000000000000, 1.000000000000000000 ) ) ;
#1212 = CARTESIAN_POINT ( 'NONE',  ( -13.00000000000000500, 0.5000000000000003300, 1.589909118347723100E-015 ) ) ;
#1213 = CARTESIAN_POINT ( 'NONE',  ( -2.539999999999893900, -5.500000000000000000, -13.19999999999998900 ) ) ;
#1214 = ORIENTED_EDGE ( 'NONE', *, *, #1314, .T. ) ;
#1215 = ADVANCED_FACE ( 'NONE', ( #766 ), #1545, .F. ) ;
#1216 = LINE ( 'NONE', #1371, #31 ) ;
#1217 = VERTEX_POINT ( 'NONE', #1068 ) ;
#1218 = CARTESIAN_POINT ( 'NONE',  ( -41.39999999999999900, 0.5000000000000000000, -1.399999999999995000 ) ) ;
#1219 = ORIENTED_EDGE ( 'NONE', *, *, #1170, .T. ) ;
#1220 = EDGE_CURVE ( 'NONE', #707, #870, #1052, .T. ) ;
#1221 = LINE ( 'NONE', #926, #598 ) ;
#1222 = FACE_OUTER_BOUND ( 'NONE', #138, .T. ) ;
#1223 = FACE_OUTER_BOUND ( 'NONE', #1265, .T. ) ;
#1224 = ADVANCED_FACE ( 'NONE', ( #128 ), #1551, .F. ) ;
#1225 = EDGE_CURVE ( 'NONE', #586, #1333, #731, .T. ) ;
#1226 = CARTESIAN_POINT ( 'NONE',  ( -49.79999999999999700, 9.999999999999998200, -0.9999999999999940000 ) ) ;
#1227 = ORIENTED_EDGE ( 'NONE', *, *, #976, .F. ) ;
#1228 = ORIENTED_EDGE ( 'NONE', *, *, #332, .T. ) ;
#1229 = ORIENTED_EDGE ( 'NONE', *, *, #494, .F. ) ;
#1230 = ORIENTED_EDGE ( 'NONE', *, *, #123, .T. ) ;
#1231 = ORIENTED_EDGE ( 'NONE', *, *, #88, .T. ) ;
#1232 = CARTESIAN_POINT ( 'NONE',  ( -50.79999999999999700, 0.0000000000000000000, -24.39999999999999100 ) ) ;
#1233 = ORIENTED_EDGE ( 'NONE', *, *, #1131, .T. ) ;
#1234 = ORIENTED_EDGE ( 'NONE', *, *, #575, .T. ) ;
#1235 = CARTESIAN_POINT ( 'NONE',  ( -49.79999999999999000, 10.99999999999999600, -0.4142135623730904300 ) ) ;
#1236 = DIRECTION ( 'NONE',  ( -0.0000000000000000000, -0.0000000000000000000, -1.000000000000000000 ) ) ;
#1237 = AXIS2_PLACEMENT_3D ( 'NONE', #152, #57, #1562 ) ;
#1238 = AXIS2_PLACEMENT_3D ( 'NONE', #697, #219, #1062 ) ;
#1239 = ADVANCED_FACE ( 'NONE', ( #974 ), #378, .T. ) ;
#1240 = CARTESIAN_POINT ( 'NONE',  ( -50.79999999999999700, 9.999999999999998200, -0.9999999999999940000 ) ) ;
#1241 = CARTESIAN_POINT ( 'NONE',  ( -1.000000000000000000, 11.00000000000000000, -24.39999999999999900 ) ) ;
#1242 = CARTESIAN_POINT ( 'NONE',  ( -2.540000000000000000, 0.0000000000000000000, -22.85999999999999200 ) ) ;
#1243 = EDGE_LOOP ( 'NONE', ( #1424, #446, #425, #1293 ) ) ;
#1244 = EDGE_CURVE ( 'NONE', #1327, #1065, #48, .T. ) ;
#1245 = ORIENTED_EDGE ( 'NONE', *, *, #973, .F. ) ;
#1246 = DIRECTION ( 'NONE',  ( 0.0000000000000000000, 0.0000000000000000000, -1.000000000000000000 ) ) ;
#1247 = CARTESIAN_POINT ( 'NONE',  ( -48.25999999999997000, -5.500000000000000000, -20.31999999999967300 ) ) ;
#1248 = ORIENTED_EDGE ( 'NONE', *, *, #809, .F. ) ;
#1249 = DIRECTION ( 'NONE',  ( 0.0000000000000000000, 0.0000000000000000000, -1.000000000000000000 ) ) ;
#1250 = VERTEX_POINT ( 'NONE', #1442 ) ;
#1251 = DIRECTION ( 'NONE',  ( 0.0000000000000000000, -0.0000000000000000000, 1.000000000000000000 ) ) ;
#1252 = ORIENTED_EDGE ( 'NONE', *, *, #654, .T. ) ;
#1253 = EDGE_CURVE ( 'NONE', #510, #967, #694, .T. ) ;
#1254 = ORIENTED_EDGE ( 'NONE', *, *, #466, .F. ) ;
#1255 = LINE ( 'NONE', #205, #930 ) ;
#1256 = FACE_OUTER_BOUND ( 'NONE', #118, .T. ) ;
#1257 = DIRECTION ( 'NONE',  ( -1.000000000000000000, -0.0000000000000000000, 1.365923996832131900E-016 ) ) ;
#1258 = DIRECTION ( 'NONE',  ( 0.0000000000000000000, 1.000000000000000000, 0.0000000000000000000 ) ) ;
#1259 = ADVANCED_FACE ( 'NONE', ( #1301 ), #594, .F. ) ;
#1260 = DIRECTION ( 'NONE',  ( 0.0000000000000000000, -1.000000000000000000, 0.0000000000000000000 ) ) ;
#1261 = ORIENTED_EDGE ( 'NONE', *, *, #618, .T. ) ;
#1262 = ORIENTED_EDGE ( 'NONE', *, *, #195, .T. ) ;
#1263 = CARTESIAN_POINT ( 'NONE',  ( -48.25999999999982000, -5.500000000000000000, -5.079999999999671400 ) ) ;
#1264 = PLANE ( 'NONE',  #1133 ) ;
#1265 = EDGE_LOOP ( 'NONE', ( #943, #553, #836, #198 ) ) ;
#1266 = VERTEX_POINT ( 'NONE', #114 ) ;
#1267 = AXIS2_PLACEMENT_3D ( 'NONE', #1038, #676, #672 ) ;
#1268 = AXIS2_PLACEMENT_3D ( 'NONE', #803, #561, #681 ) ;
#1269 = DIRECTION ( 'NONE',  ( 0.0000000000000000000, 0.0000000000000000000, 1.000000000000000000 ) ) ;
#1270 = VERTEX_POINT ( 'NONE', #956 ) ;
#1271 = CARTESIAN_POINT ( 'NONE',  ( 0.0000000000000000000, 9.999999999999996400, -0.9999999999999991100 ) ) ;
#1272 = CARTESIAN_POINT ( 'NONE',  ( -50.79999999999999700, 0.0000000000000000000, 0.0000000000000000000 ) ) ;
#1273 = ORIENTED_EDGE ( 'NONE', *, *, #980, .T. ) ;
#1274 = ORIENTED_EDGE ( 'NONE', *, *, #739, .F. ) ;
#1275 = ORIENTED_EDGE ( 'NONE', *, *, #88, .F. ) ;
#1276 = CARTESIAN_POINT ( 'NONE',  ( -9.400000000000000400, 0.5000000000000000000, -23.99999999999999600 ) ) ;
#1277 = DIRECTION ( 'NONE',  ( 0.0000000000000000000, 0.0000000000000000000, 1.000000000000000000 ) ) ;
#1278 = CIRCLE ( 'NONE', #1208, 0.4999999999999987200 ) ;
#1279 = EDGE_CURVE ( 'NONE', #1547, #37, #1473, .T. ) ;
#1280 = DIRECTION ( 'NONE',  ( 0.0000000000000000000, 1.000000000000000000, 0.0000000000000000000 ) ) ;
#1281 = DIRECTION ( 'NONE',  ( 0.0000000000000000000, 0.0000000000000000000, -1.000000000000000000 ) ) ;
#1282 = EDGE_CURVE ( 'NONE', #709, #1315, #453, .T. ) ;
#1283 = ORIENTED_EDGE ( 'NONE', *, *, #370, .T. ) ;
#1284 = CARTESIAN_POINT ( 'NONE',  ( -41.39999999999999900, 0.5000000000000000000, -1.399999999999995000 ) ) ;
#1285 = ORIENTED_EDGE ( 'NONE', *, *, #3, .F. ) ;
#1286 = CARTESIAN_POINT ( 'NONE',  ( -9.400000000000002100, 0.0000000000000000000, 0.0000000000000000000 ) ) ;
#1287 = CARTESIAN_POINT ( 'NONE',  ( -49.79999999999999700, 11.00000000000000000, -24.39999999999999100 ) ) ;
#1288 = AXIS2_PLACEMENT_3D ( 'NONE', #807, #567, #1416 ) ;
#1289 = AXIS2_PLACEMENT_3D ( 'NONE', #1226, #503, #1350 ) ;
#1290 = ORIENTED_EDGE ( 'NONE', *, *, #172, .T. ) ;
#1291 = EDGE_LOOP ( 'NONE', ( #1324, #925, #1402, #1118 ) ) ;
#1292 = CARTESIAN_POINT ( 'NONE',  ( -13.00000000000000500, 0.0000000000000000000, -1.399999999999998600 ) ) ;
#1293 = ORIENTED_EDGE ( 'NONE', *, *, #1141, .T. ) ;
#1294 = DIRECTION ( 'NONE',  ( 0.0000000000000000000, 1.000000000000000000, 0.0000000000000000000 ) ) ;
#1295 = DIRECTION ( 'NONE',  ( 0.0000000000000000000, 1.000000000000000000, 0.0000000000000000000 ) ) ;
#1296 = ORIENTED_EDGE ( 'NONE', *, *, #520, .F. ) ;
#1297 = LINE ( 'NONE', #80, #11 ) ;
#1298 = CIRCLE ( 'NONE', #382, 0.5000000000000004400 ) ;
#1299 = DIRECTION ( 'NONE',  ( 0.0000000000000000000, 1.000000000000000000, 0.0000000000000000000 ) ) ;
#1300 = DIRECTION ( 'NONE',  ( 0.0000000000000000000, 0.0000000000000000000, 1.000000000000000000 ) ) ;
#1301 = FACE_OUTER_BOUND ( 'NONE', #853, .T. ) ;
#1302 = CARTESIAN_POINT ( 'NONE',  ( 0.0000000000000000000, 0.5000000000000004400, -25.39999999999999900 ) ) ;
#1303 = EDGE_CURVE ( 'NONE', #532, #1354, #412, .T. ) ;
#1304 = AXIS2_PLACEMENT_3D ( 'NONE', #277, #1111, #390 ) ;
#1305 = CARTESIAN_POINT ( 'NONE',  ( -41.39999999999999900, 0.0000000000000000000, 6.098706446579532900E-015 ) ) ;
#1306 = CARTESIAN_POINT ( 'NONE',  ( -50.38578643762689100, 9.999999999999998200, -25.39999999999999100 ) ) ;
#1307 = ORIENTED_EDGE ( 'NONE', *, *, #1113, .F. ) ;
#1308 = ORIENTED_EDGE ( 'NONE', *, *, #705, .F. ) ;
#1309 = ORIENTED_EDGE ( 'NONE', *, *, #222, .T. ) ;
#1310 = ORIENTED_EDGE ( 'NONE', *, *, #1220, .F. ) ;
#1311 = CARTESIAN_POINT ( 'NONE',  ( -48.25999999999997000, 0.0000000000000000000, -20.31999999999967300 ) ) ;
#1312 = CARTESIAN_POINT ( 'NONE',  ( 0.0000000000000000000, 10.58578643762690200, -24.74314575050761500 ) ) ;
#1313 = CARTESIAN_POINT ( 'NONE',  ( -9.400000000000002100, 0.5000000000000000000, 0.1000000000000028600 ) ) ;
#1314 = EDGE_CURVE ( 'NONE', #777, #1446, #856, .T. ) ;
#1315 = VERTEX_POINT ( 'NONE', #1454 ) ;
#1316 = CARTESIAN_POINT ( 'NONE',  ( -2.540000000000000000, -5.500000000000000000, -22.85999999999999200 ) ) ;
#1317 = ORIENTED_EDGE ( 'NONE', *, *, #255, .T. ) ;
#1318 = DIRECTION ( 'NONE',  ( -0.0000000000000000000, 0.0000000000000000000, -1.000000000000000000 ) ) ;
#1319 = ORIENTED_EDGE ( 'NONE', *, *, #1141, .F. ) ;
#1320 = CARTESIAN_POINT ( 'NONE',  ( -48.25999999999997000, 0.0000000000000000000, -20.31999999999967300 ) ) ;
#1321 = FACE_OUTER_BOUND ( 'NONE', #1404, .T. ) ;
#1322 = LINE ( 'NONE', #1060, #1374 ) ;
#1323 =( LENGTH_UNIT ( ) NAMED_UNIT ( * ) SI_UNIT ( .MILLI., .METRE. ) );
#1324 = ORIENTED_EDGE ( 'NONE', *, *, #332, .F. ) ;
#1325 = DIRECTION ( 'NONE',  ( 0.0000000000000000000, 1.000000000000000000, 0.0000000000000000000 ) ) ;
#1326 = CARTESIAN_POINT ( 'NONE',  ( 0.0000000000000000000, 0.0000000000000000000, -25.39999999999999900 ) ) ;
#1327 = VERTEX_POINT ( 'NONE', #121 ) ;
#1328 = ORIENTED_EDGE ( 'NONE', *, *, #380, .F. ) ;
#1329 = ADVANCED_FACE ( 'NONE', ( #227 ), #580, .T. ) ;
#1330 = ORIENTED_EDGE ( 'NONE', *, *, #1542, .T. ) ;
#1331 = CARTESIAN_POINT ( 'NONE',  ( -9.400000000000000400, 0.5000000000000000000, -23.99999999999999600 ) ) ;
#1332 = EDGE_CURVE ( 'NONE', #1496, #729, #897, .T. ) ;
#1333 = VERTEX_POINT ( 'NONE', #604 ) ;
#1334 = ORIENTED_EDGE ( 'NONE', *, *, #719, .F. ) ;
#1335 = CARTESIAN_POINT ( 'NONE',  ( 0.0000000000000000000, 11.00000000000000000, 0.0000000000000000000 ) ) ;
#1336 = VECTOR ( 'NONE', #229, 1000.000000000000000 ) ;
#1337 = CARTESIAN_POINT ( 'NONE',  ( 0.0000000000000000000, 0.5000000000000000000, 0.0000000000000000000 ) ) ;
#1338 = ADVANCED_FACE ( 'NONE', ( #1223 ), #126, .F. ) ;
#1339 = VECTOR ( 'NONE', #1318, 1000.000000000000000 ) ;
#1340 = EDGE_CURVE ( 'NONE', #371, #444, #1509, .T. ) ;
#1341 = CARTESIAN_POINT ( 'NONE',  ( -49.79999999999999700, 0.0000000000000000000, -25.39999999999999500 ) ) ;
#1342 = PRESENTATION_LAYER_ASSIGNMENT (  '', '', ( #850 ) ) ;
#1343 = ORIENTED_EDGE ( 'NONE', *, *, #864, .F. ) ;
#1344 = ADVANCED_FACE ( 'NONE', ( #265 ), #1094, .T. ) ;
#1345 = ORIENTED_EDGE ( 'NONE', *, *, #1449, .F. ) ;
#1346 = VERTEX_POINT ( 'NONE', #1213 ) ;
#1347 = ADVANCED_FACE ( 'NONE', ( #934 ), #26, .T. ) ;
#1348 = EDGE_LOOP ( 'NONE', ( #484, #60 ) ) ;
#1349 = ORIENTED_EDGE ( 'NONE', *, *, #618, .F. ) ;
#1350 = DIRECTION ( 'NONE',  ( -1.000000000000000000, 0.0000000000000000000, 0.0000000000000000000 ) ) ;
#1351 = ORIENTED_EDGE ( 'NONE', *, *, #1064, .F. ) ;
#1352 = AXIS2_PLACEMENT_3D ( 'NONE', #1143, #1492, #1503 ) ;
#1353 = AXIS2_PLACEMENT_3D ( 'NONE', #564, #1414, #1044 ) ;
#1354 = VERTEX_POINT ( 'NONE', #1341 ) ;
#1355 = FACE_BOUND ( 'NONE', #820, .T. ) ;
#1356 = DIRECTION ( 'NONE',  ( 0.0000000000000000000, 1.000000000000000000, 0.0000000000000000000 ) ) ;
#1357 = CARTESIAN_POINT ( 'NONE',  ( 0.0000000000000000000, 0.0000000000000000000, -23.99999999999999600 ) ) ;
#1358 = EDGE_CURVE ( 'NONE', #889, #847, #300, .T. ) ;
#1359 = DIRECTION ( 'NONE',  ( -1.000000000000000000, 0.0000000000000000000, 0.0000000000000000000 ) ) ;
#1360 = VERTEX_POINT ( 'NONE', #1218 ) ;
#1361 = ORIENTED_EDGE ( 'NONE', *, *, #1303, .T. ) ;
#1362 = VECTOR ( 'NONE', #1251, 1000.000000000000000 ) ;
#1363 = CARTESIAN_POINT ( 'NONE',  ( -50.79999999999999700, 9.999999999999992900, -0.9999999999999927800 ) ) ;
#1364 = VERTEX_POINT ( 'NONE', #495 ) ;
#1365 = PLANE ( 'NONE',  #611 ) ;
#1366 = DIRECTION ( 'NONE',  ( -1.000000000000000000, 0.0000000000000000000, 0.0000000000000000000 ) ) ;
#1367 = EDGE_CURVE ( 'NONE', #1270, #1169, #1027, .T. ) ;
#1368 = DIRECTION ( 'NONE',  ( 0.0000000000000000000, 0.0000000000000000000, 1.000000000000000000 ) ) ;
#1369 = ORIENTED_EDGE ( 'NONE', *, *, #1205, .T. ) ;
#1370 = VERTEX_POINT ( 'NONE', #262 ) ;
#1371 = CARTESIAN_POINT ( 'NONE',  ( 0.0000000000000000000, 0.5000000000000004400, 0.0000000000000000000 ) ) ;
#1372 = AXIS2_PLACEMENT_3D ( 'NONE', #1247, #521, #1376 ) ;
#1373 = AXIS2_PLACEMENT_3D ( 'NONE', #500, #975, #617 ) ;
#1374 = VECTOR ( 'NONE', #577, 1000.000000000000000 ) ;
#1375 = LINE ( 'NONE', #1537, #671 ) ;
#1376 = DIRECTION ( 'NONE',  ( 0.0000000000000000000, 0.0000000000000000000, 1.000000000000000000 ) ) ;
#1377 = VECTOR ( 'NONE', #702, 1000.000000000000000 ) ;
#1378 = PLANE ( 'NONE',  #619 ) ;
#1379 = DIRECTION ( 'NONE',  ( -0.0000000000000000000, -0.0000000000000000000, 1.000000000000000000 ) ) ;
#1380 = DIRECTION ( 'NONE',  ( 0.0000000000000000000, 0.0000000000000000000, 1.000000000000000000 ) ) ;
#1381 = LINE ( 'NONE', #330, #1362 ) ;
#1382 = EDGE_CURVE ( 'NONE', #1099, #1110, #616, .T. ) ;
#1383 = EDGE_LOOP ( 'NONE', ( #499, #951, #531, #608 ) ) ;
#1384 = AXIS2_PLACEMENT_3D ( 'NONE', #1151, #436, #1277 ) ;
#1385 = ORIENTED_EDGE ( 'NONE', *, *, #601, .F. ) ;
#1386 = ADVANCED_FACE ( 'NONE', ( #987 ), #429, .T. ) ;
#1387 = CARTESIAN_POINT ( 'NONE',  ( -48.25999999999982000, -5.500000000000000000, -5.079999999999671400 ) ) ;
#1388 = CARTESIAN_POINT ( 'NONE',  ( -9.400000000000002100, 0.5000000000000003300, -25.39999999999999500 ) ) ;
#1389 = DIRECTION ( 'NONE',  ( 0.0000000000000000000, 0.0000000000000000000, 1.000000000000000000 ) ) ;
#1390 = CARTESIAN_POINT ( 'NONE',  ( -49.79999999999999700, 9.999999999999998200, -24.39999999999999100 ) ) ;
#1391 = EDGE_CURVE ( 'NONE', #1217, #1531, #597, .T. ) ;
#1392 = CYLINDRICAL_SURFACE ( 'NONE', #129, 0.4999999999999987200 ) ;
#1393 = CARTESIAN_POINT ( 'NONE',  ( -2.333359696292867600E-032, 10.58578643762690200, -0.6568542494923792500 ) ) ;
#1394 = EDGE_LOOP ( 'NONE', ( #546, #725 ) ) ;
#1395 = ORIENTED_EDGE ( 'NONE', *, *, #1542, .F. ) ;
#1396 = CARTESIAN_POINT ( 'NONE',  ( -9.400000000000002100, 11.00000000000000000, 1.151167991198512100E-015 ) ) ;
#1397 = ORIENTED_EDGE ( 'NONE', *, *, #873, .T. ) ;
#1398 = ORIENTED_EDGE ( 'NONE', *, *, #1367, .T. ) ;
#1399 = AXIS2_PLACEMENT_3D ( 'NONE', #1091, #963, #1211 ) ;
#1400 = AXIS2_PLACEMENT_3D ( 'NONE', #933, #822, #1179 ) ;
#1401 = CARTESIAN_POINT ( 'NONE',  ( -2.540000000000000000, -5.500000000000000000, -22.35999999999999200 ) ) ;
#1402 = ORIENTED_EDGE ( 'NONE', *, *, #51, .T. ) ;
#1403 = PLANE ( 'NONE',  #1267 ) ;
#1404 = EDGE_LOOP ( 'NONE', ( #1102, #629, #909, #507 ) ) ;
#1405 = ORIENTED_EDGE ( 'NONE', *, *, #1553, .T. ) ;
#1406 = CARTESIAN_POINT ( 'NONE',  ( -9.400000000000002100, 0.5000000000000003300, 1.223713741719991500E-015 ) ) ;
#1407 = ORIENTED_EDGE ( 'NONE', *, *, #1391, .T. ) ;
#1408 = DIRECTION ( 'NONE',  ( 0.0000000000000000000, -0.0000000000000000000, 1.000000000000000000 ) ) ;
#1409 = CARTESIAN_POINT ( 'NONE',  ( -49.79999999999999700, 9.999999999999998200, -24.39999999999999100 ) ) ;
#1410 = CIRCLE ( 'NONE', #1439, 1.000000000000000200 ) ;
#1411 = LINE ( 'NONE', #1284, #839 ) ;
#1412 = EDGE_CURVE ( 'NONE', #709, #1346, #1278, .T. ) ;
#1413 = VECTOR ( 'NONE', #91, 1000.000000000000000 ) ;
#1414 = DIRECTION ( 'NONE',  ( 0.0000000000000000000, 1.000000000000000000, 0.0000000000000000000 ) ) ;
#1415 = CARTESIAN_POINT ( 'NONE',  ( 0.0000000000000000000, 11.00000000000000000, -0.9999999999999997800 ) ) ;
#1416 = DIRECTION ( 'NONE',  ( 0.0000000000000000000, 0.0000000000000000000, 1.000000000000000000 ) ) ;
#1417 = DIRECTION ( 'NONE',  ( 0.0000000000000000000, 0.0000000000000000000, -1.000000000000000000 ) ) ;
#1418 = EDGE_CURVE ( 'NONE', #1466, #1497, #715, .T. ) ;
#1419 = ORIENTED_EDGE ( 'NONE', *, *, #953, .T. ) ;
#1420 = CARTESIAN_POINT ( 'NONE',  ( 0.0000000000000000000, 0.0000000000000000000, 6.098741059753819400E-015 ) ) ;
#1421 = ORIENTED_EDGE ( 'NONE', *, *, #1382, .T. ) ;
#1422 = DIRECTION ( 'NONE',  ( 0.0000000000000000000, 1.000000000000000000, 0.0000000000000000000 ) ) ;
#1423 = PLANE ( 'NONE',  #1238 ) ;
#1424 = ORIENTED_EDGE ( 'NONE', *, *, #789, .T. ) ;
#1425 = DIRECTION ( 'NONE',  ( 1.000000000000000000, 0.0000000000000000000, -1.365923996832131900E-016 ) ) ;
#1426 = DIRECTION ( 'NONE',  ( -1.000000000000000000, -0.0000000000000000000, 1.365923996832131900E-016 ) ) ;
#1427 = MECHANICAL_DESIGN_GEOMETRIC_PRESENTATION_REPRESENTATION (  '', ( #850 ), #1507 ) ;
#1428 = ORIENTED_EDGE ( 'NONE', *, *, #923, .T. ) ;
#1429 = CARTESIAN_POINT ( 'NONE',  ( -41.39999999999999900, 0.5000000000000000000, 6.098637220230962400E-015 ) ) ;
#1430 = ORIENTED_EDGE ( 'NONE', *, *, #449, .T. ) ;
#1431 = CARTESIAN_POINT ( 'NONE',  ( -50.38578643762690500, 10.99999999999999800, -24.98578643762689600 ) ) ;
#1432 = ORIENTED_EDGE ( 'NONE', *, *, #898, .T. ) ;
#1433 = FACE_OUTER_BOUND ( 'NONE', #316, .T. ) ;
#1434 = DIRECTION ( 'NONE',  ( 0.0000000000000000000, 0.0000000000000000000, 1.000000000000000000 ) ) ;
#1435 = CARTESIAN_POINT ( 'NONE',  ( -0.4142135623730949800, 9.999999999999998200, -25.39999999999999900 ) ) ;
#1436 = LINE ( 'NONE', #1054, #183 ) ;
#1437 = CARTESIAN_POINT ( 'NONE',  ( -1.224646799147353200E-016, 11.00000000000000000, -1.000000000000000000 ) ) ;
#1438 = AXIS2_PLACEMENT_3D ( 'NONE', #992, #989, #872 ) ;
#1439 = AXIS2_PLACEMENT_3D ( 'NONE', #813, #89, #932 ) ;
#1440 = DIRECTION ( 'NONE',  ( 0.0000000000000000000, 1.000000000000000000, 0.0000000000000000000 ) ) ;
#1441 =( LENGTH_UNIT ( ) NAMED_UNIT ( * ) SI_UNIT ( .MILLI., .METRE. ) );
#1442 = CARTESIAN_POINT ( 'NONE',  ( -50.79999999999999700, 9.999999999999998200, -24.39999999999999100 ) ) ;
#1443 = ORIENTED_EDGE ( 'NONE', *, *, #116, .T. ) ;
#1444 = ORIENTED_EDGE ( 'NONE', *, *, #679, .F. ) ;
#1445 = ORIENTED_EDGE ( 'NONE', *, *, #409, .F. ) ;
#1446 = VERTEX_POINT ( 'NONE', #983 ) ;
#1447 =( NAMED_UNIT ( * ) SI_UNIT ( $, .STERADIAN. ) SOLID_ANGLE_UNIT ( ) );
#1448 = DIRECTION ( 'NONE',  ( 0.0000000000000000000, 0.0000000000000000000, -1.000000000000000000 ) ) ;
#1449 = EDGE_CURVE ( 'NONE', #1270, #247, #824, .T. ) ;
#1450 = VERTEX_POINT ( 'NONE', #1232 ) ;
#1451 = ORIENTED_EDGE ( 'NONE', *, *, #679, .T. ) ;
#1452 = ORIENTED_EDGE ( 'NONE', *, *, #386, .T. ) ;
#1453 = DIRECTION ( 'NONE',  ( 0.0000000000000000000, 1.000000000000000000, 0.0000000000000000000 ) ) ;
#1454 = CARTESIAN_POINT ( 'NONE',  ( -2.539999999999893900, 0.0000000000000000000, -12.19999999999999200 ) ) ;
#1455 = ORIENTED_EDGE ( 'NONE', *, *, #1457, .F. ) ;
#1456 = ADVANCED_FACE ( 'NONE', ( #182 ), #1392, .T. ) ;
#1457 = EDGE_CURVE ( 'NONE', #1168, #1024, #1138, .T. ) ;
#1458 = VECTOR ( 'NONE', #1544, 1000.000000000000000 ) ;
#1459 = PLANE ( 'NONE',  #399 ) ;
#1460 = FACE_BOUND ( 'NONE', #1041, .T. ) ;
#1461 = DIRECTION ( 'NONE',  ( 1.000000000000000000, 0.0000000000000000000, -0.0000000000000000000 ) ) ;
#1462 = AXIS2_PLACEMENT_3D ( 'NONE', #1494, #35, #879 ) ;
#1463 = AXIS2_PLACEMENT_3D ( 'NONE', #273, #1107, #387 ) ;
#1464 = DIRECTION ( 'NONE',  ( -1.000000000000000000, 0.0000000000000000000, 1.224646799147353200E-016 ) ) ;
#1465 = ORIENTED_EDGE ( 'NONE', *, *, #1088, .F. ) ;
#1466 = VERTEX_POINT ( 'NONE', #143 ) ;
#1467 = ORIENTED_EDGE ( 'NONE', *, *, #28, .F. ) ;
#1468 = EDGE_LOOP ( 'NONE', ( #905, #885, #63, #1328, #1229, #1361, #961, #686, #1480, #1309, #525, #1296 ) ) ;
#1469 = EDGE_CURVE ( 'NONE', #1023, #574, #1104, .T. ) ;
#1470 = ORIENTED_EDGE ( 'NONE', *, *, #1030, .T. ) ;
#1471 = CARTESIAN_POINT ( 'NONE',  ( -2.539999999999787300, 0.0000000000000000000, -2.539999999999990300 ) ) ;
#1472 = VECTOR ( 'NONE', #278, 1000.000000000000000 ) ;
#1473 = LINE ( 'NONE', #1560, #341 ) ;
#1474 = EDGE_CURVE ( 'NONE', #1110, #1099, #1181, .T. ) ;
#1475 = ADVANCED_FACE ( 'NONE', ( #1433 ), #508, .T. ) ;
#1476 = CARTESIAN_POINT ( 'NONE',  ( -37.79999999999999700, 0.5000000000000000000, -1.399999999999995000 ) ) ;
#1477 = ORIENTED_EDGE ( 'NONE', *, *, #1504, .T. ) ;
#1478 = ORIENTED_EDGE ( 'NONE', *, *, #1030, .F. ) ;
#1479 = EDGE_LOOP ( 'NONE', ( #663, #1082, #23, #1369 ) ) ;
#1480 = ORIENTED_EDGE ( 'NONE', *, *, #164, .F. ) ;
#1481 = CARTESIAN_POINT ( 'NONE',  ( -48.25999999999986300, -5.500000000000000000, -10.15999999999967200 ) ) ;
#1482 = ADVANCED_FACE ( 'NONE', ( #64 ), #286, .F. ) ;
#1483 = ORIENTED_EDGE ( 'NONE', *, *, #1253, .F. ) ;
#1484 = CARTESIAN_POINT ( 'NONE',  ( -49.79999999999999700, 9.999999999999996400, 3.469446951953614200E-015 ) ) ;
#1485 = VERTEX_POINT ( 'NONE', #398 ) ;
#1486 = CARTESIAN_POINT ( 'NONE',  ( -37.79999999999999700, 0.5000000000000000000, -23.99999999999999600 ) ) ;
#1487 = CARTESIAN_POINT ( 'NONE',  ( -49.79999999999999700, 9.999999999999998200, -24.39999999999999100 ) ) ;
#1488 = CLOSED_SHELL ( 'NONE', ( #317, #1108, #506, #867, #1456, #842, #1195, #1259, #712, #264, #49, #267, #281, #1498, #1482, #39, #1224, #1338, #410, #549, #1103, #179, #1491, #1206, #1506, #627, #883, #895, #434, #658, #778, #1239, #1347, #1329, #761, #24, #1475, #1344, #911, #149, #1386, #1011, #272, #233, #753, #1215, #651, #391, #726, #368, #1132, #1558 ) ) ;
#1489 = AXIS2_PLACEMENT_3D ( 'NONE', #1093, #1453, #969 ) ;
#1490 = AXIS2_PLACEMENT_3D ( 'NONE', #937, #1186, #471 ) ;
#1491 = ADVANCED_FACE ( 'NONE', ( #139 ), #1365, .F. ) ;
#1492 = DIRECTION ( 'NONE',  ( -0.0000000000000000000, -1.000000000000000000, -0.0000000000000000000 ) ) ;
#1493 = LINE ( 'NONE', #1437, #297 ) ;
#1494 = CARTESIAN_POINT ( 'NONE',  ( -9.400000000000002100, 0.5000000000000000000, 0.1000000000000028600 ) ) ;
#1495 = EDGE_CURVE ( 'NONE', #81, #624, #1202, .T. ) ;
#1496 = VERTEX_POINT ( 'NONE', #1292 ) ;
#1497 = VERTEX_POINT ( 'NONE', #566 ) ;
#1498 = ADVANCED_FACE ( 'NONE', ( #1522 ), #806, .F. ) ;
#1499 = CARTESIAN_POINT ( 'NONE',  ( -9.400000000000002100, 11.00000000000000000, -25.39999999999999900 ) ) ;
#1500 = ORIENTED_EDGE ( 'NONE', *, *, #1469, .F. ) ;
#1501 = UNCERTAINTY_MEASURE_WITH_UNIT (LENGTH_MEASURE( 1.000000000000000100E-005 ), #493, 'distance_accuracy_value', 'NONE');
#1502 = CARTESIAN_POINT ( 'NONE',  ( 0.0000000000000000000, 0.5000000000000000000, 0.0000000000000000000 ) ) ;
#1503 = DIRECTION ( 'NONE',  ( 0.0000000000000000000, 0.0000000000000000000, 1.000000000000000000 ) ) ;
#1504 = EDGE_CURVE ( 'NONE', #1485, #1360, #1436, .T. ) ;
#1505 = ORIENTED_EDGE ( 'NONE', *, *, #202, .T. ) ;
#1506 = ADVANCED_FACE ( 'NONE', ( #1321 ), #1051, .T. ) ;
#1507 =( GEOMETRIC_REPRESENTATION_CONTEXT ( 3 ) GLOBAL_UNCERTAINTY_ASSIGNED_CONTEXT ( ( #36 ) ) GLOBAL_UNIT_ASSIGNED_CONTEXT ( ( #1323, #593, #1447 ) ) REPRESENTATION_CONTEXT ( 'NONE', 'WORKASPACE' ) );
#1508 = LINE ( 'NONE', #463, #1072 ) ;
#1509 = CIRCLE ( 'NONE', #485, 1.000000000000000000 ) ;
#1510 = CARTESIAN_POINT ( 'NONE',  ( -50.79999999999999700, 11.00000000000000000, -0.9999999999999940000 ) ) ;
#1511 = DIRECTION ( 'NONE',  ( 0.0000000000000000000, 0.0000000000000000000, -1.000000000000000000 ) ) ;
#1512 = CYLINDRICAL_SURFACE ( 'NONE', #940, 1.000000000000000900 ) ;
#1513 = VECTOR ( 'NONE', #1519, 1000.000000000000000 ) ;
#1514 = AXIS2_PLACEMENT_3D ( 'NONE', #85, #688, #208 ) ;
#1515 = ORIENTED_EDGE ( 'NONE', *, *, #973, .T. ) ;
#1516 = ORIENTED_EDGE ( 'NONE', *, *, #844, .F. ) ;
#1517 = CARTESIAN_POINT ( 'NONE',  ( -2.333359696292868200E-032, 9.999999999999992900, -0.4142135623730942600 ) ) ;
#1518 = DIRECTION ( 'NONE',  ( -0.0000000000000000000, -0.0000000000000000000, -1.000000000000000000 ) ) ;
#1519 = DIRECTION ( 'NONE',  ( -0.0000000000000000000, 1.000000000000000000, 0.0000000000000000000 ) ) ;
#1520 = EDGE_CURVE ( 'NONE', #259, #1134, #1375, .T. ) ;
#1521 = PRESENTATION_STYLE_ASSIGNMENT (( #478 ) ) ;
#1522 = FACE_OUTER_BOUND ( 'NONE', #862, .T. ) ;
#1523 = DIRECTION ( 'NONE',  ( -0.0000000000000000000, -0.0000000000000000000, -1.000000000000000000 ) ) ;
#1524 = LINE ( 'NONE', #338, #1204 ) ;
#1525 = DIRECTION ( 'NONE',  ( -0.0000000000000000000, -1.000000000000000000, -0.0000000000000000000 ) ) ;
#1526 = CARTESIAN_POINT ( 'NONE',  ( -13.00000000000000400, 0.5000000000000000000, -23.99999999999999600 ) ) ;
#1527 = DIRECTION ( 'NONE',  ( -1.000000000000000000, -0.0000000000000000000, 9.637352644315598700E-016 ) ) ;
#1528 = EDGE_CURVE ( 'NONE', #501, #120, #298, .T. ) ;
#1529 = CARTESIAN_POINT ( 'NONE',  ( -37.79999999999999700, 0.5000000000000003300, -25.39999999999999500 ) ) ;
#1530 = DIRECTION ( 'NONE',  ( 0.0000000000000000000, 0.0000000000000000000, -1.000000000000000000 ) ) ;
#1531 = VERTEX_POINT ( 'NONE', #90 ) ;
#1532 = ORIENTED_EDGE ( 'NONE', *, *, #1220, .T. ) ;
#1533 = AXIS2_PLACEMENT_3D ( 'NONE', #173, #1012, #299 ) ;
#1534 = CARTESIAN_POINT ( 'NONE',  ( -13.00000000000000400, 0.5000000000000000000, -23.99999999999999600 ) ) ;
#1535 = CARTESIAN_POINT ( 'NONE',  ( -2.539999999999893900, -5.500000000000000000, -12.69999999999999000 ) ) ;
#1536 = DIRECTION ( 'NONE',  ( 1.000000000000000000, 0.0000000000000000000, -0.0000000000000000000 ) ) ;
#1537 = CARTESIAN_POINT ( 'NONE',  ( -49.79999999999999700, 11.00000000000000000, 6.098741059753818600E-015 ) ) ;
#1538 = CARTESIAN_POINT ( 'NONE',  ( -1.000000000000000000, 0.0000000000000000000, 3.144186300207962900E-015 ) ) ;
#1539 = CARTESIAN_POINT ( 'NONE',  ( -37.79999999999999700, 0.5000000000000000000, -23.99999999999999600 ) ) ;
#1540 = CIRCLE ( 'NONE', #670, 1.000000000000000900 ) ;
#1541 = LINE ( 'NONE', #814, #472 ) ;
#1542 = EDGE_CURVE ( 'NONE', #1496, #1031, #1541, .T. ) ;
#1543 = VECTOR ( 'NONE', #369, 1000.000000000000000 ) ;
#1544 = DIRECTION ( 'NONE',  ( 0.0000000000000000000, 1.000000000000000000, -0.0000000000000000000 ) ) ;
#1545 = PLANE ( 'NONE',  #1490 ) ;
#1546 = CARTESIAN_POINT ( 'NONE',  ( -50.79999999999999700, 9.999999999999998200, -24.98578643762689200 ) ) ;
#1547 = VERTEX_POINT ( 'NONE', #1061 ) ;
#1548 = DIRECTION ( 'NONE',  ( -0.0000000000000000000, -1.000000000000000000, -0.0000000000000000000 ) ) ;
#1549 = VERTEX_POINT ( 'NONE', #1305 ) ;
#1550 = CARTESIAN_POINT ( 'NONE',  ( -0.4142135623730949800, 11.00000000000000000, -24.98578643762690600 ) ) ;
#1551 = PLANE ( 'NONE',  #71 ) ;
#1552 = ORIENTED_EDGE ( 'NONE', *, *, #734, .T. ) ;
#1553 = EDGE_CURVE ( 'NONE', #1250, #1217, #1508, .T. ) ;
#1554 = EDGE_LOOP ( 'NONE', ( #902, #242, #860 ) ) ;
#1555 = CARTESIAN_POINT ( 'NONE',  ( -37.79999999999999700, 0.5000000000000003300, 4.703378174475540700E-015 ) ) ;
#1556 = CARTESIAN_POINT ( 'NONE',  ( -13.00000000000000500, 0.0000000000000000000, 4.596438426451161400E-015 ) ) ;
#1557 =( NAMED_UNIT ( * ) SI_UNIT ( $, .STERADIAN. ) SOLID_ANGLE_UNIT ( ) );
#1558 = ADVANCED_FACE ( 'NONE', ( #1256 ), #648, .T. ) ;
#1559 = DIRECTION ( 'NONE',  ( 0.0000000000000000000, 0.0000000000000000000, 1.000000000000000000 ) ) ;
#1560 = CARTESIAN_POINT ( 'NONE',  ( -48.25999999999986300, -5.500000000000000000, -10.65999999999967000 ) ) ;
#1561 = STYLED_ITEM ( 'NONE', ( #523 ), #326 ) ;
#1562 = DIRECTION ( 'NONE',  ( 0.0000000000000000000, 0.0000000000000000000, 1.000000000000000000 ) ) ;
ENDSEC;
END-ISO-10303-21;
